grantedModule,grantedAction,checkedModule,checkedAction,expectedAllowed,actualStatus,matchesExpectation,knownIssue
dashboard,view,dashboard,view,true,200,true,""
dashboard,view,dashboard,export,false,403,true,""
dashboard,view,catalog,view,false,403,true,""
dashboard,view,catalog,create,false,403,true,""
dashboard,view,catalog,edit,false,403,true,""
dashboard,view,catalog,delete,false,403,true,""
dashboard,view,inventory,view,false,403,true,""
dashboard,view,inventory,create,false,403,true,""
dashboard,view,inventory,edit,false,403,true,""
dashboard,view,procurement,view,false,403,true,""
dashboard,view,procurement,create,false,403,true,""
dashboard,view,procurement,edit,false,403,true,""
dashboard,view,procurement,delete,false,403,true,""
dashboard,view,procurement,approve,false,403,true,""
dashboard,view,production,view,false,403,true,""
dashboard,view,production,create,false,403,true,""
dashboard,view,production,edit,false,403,true,""
dashboard,view,production,delete,false,403,true,""
dashboard,view,shift_log,view,false,403,true,""
dashboard,view,shift_log,create,false,403,true,""
dashboard,view,shift_log,delete,false,403,true,""
dashboard,view,sales,view,false,403,true,""
dashboard,view,sales,create,false,403,true,""
dashboard,view,sales,edit,false,403,true,""
dashboard,view,sales,delete,false,403,true,""
dashboard,view,sales,approve,false,403,true,""
dashboard,view,sales,export,false,403,true,""
dashboard,view,parties,view,false,403,true,""
dashboard,view,parties,create,false,403,true,""
dashboard,view,parties,edit,false,403,true,""
dashboard,view,parties,delete,false,403,true,""
dashboard,view,expenses,view,false,403,true,""
dashboard,view,expenses,create,false,403,true,""
dashboard,view,expenses,edit,false,403,true,""
dashboard,view,expenses,delete,false,403,true,""
dashboard,view,locations,view,false,403,true,""
dashboard,view,locations,create,false,403,true,""
dashboard,view,locations,edit,false,403,true,""
dashboard,view,locations,delete,false,403,true,""
dashboard,view,reports,view,false,403,true,""
dashboard,view,settings,view,false,403,true,""
dashboard,view,vendor_orders,view,false,403,true,"internal roles; only checked on vendor portal"
dashboard,view,customer_orders,view,false,403,true,"internal roles; only checked on customer portal"
dashboard,view,returns,view,false,403,true,""
dashboard,view,returns,create,false,403,true,""
dashboard,view,returns,approve,false,403,true,""
dashboard,view,users,view,false,403,true,""
dashboard,view,users,create,false,403,true,""
dashboard,view,users,edit,false,403,true,""
dashboard,view,users,delete,false,403,true,""
dashboard,view,billing,view,false,403,true,""
dashboard,view,billing,create,false,403,true,""
dashboard,view,billing,edit,false,403,true,""
dashboard,view,stock_transfers,view,false,200,false,"no permission check on GET at all"
dashboard,view,stock_transfers,create,false,403,true,"checked against inventory:create, not stock_transfers"
dashboard,export,dashboard,view,false,403,true,""
dashboard,export,dashboard,export,true,200,true,""
dashboard,export,catalog,view,false,403,true,""
dashboard,export,catalog,create,false,403,true,""
dashboard,export,catalog,edit,false,403,true,""
dashboard,export,catalog,delete,false,403,true,""
dashboard,export,inventory,view,false,403,true,""
dashboard,export,inventory,create,false,403,true,""
dashboard,export,inventory,edit,false,403,true,""
dashboard,export,procurement,view,false,403,true,""
dashboard,export,procurement,create,false,403,true,""
dashboard,export,procurement,edit,false,403,true,""
dashboard,export,procurement,delete,false,403,true,""
dashboard,export,procurement,approve,false,403,true,""
dashboard,export,production,view,false,403,true,""
dashboard,export,production,create,false,403,true,""
dashboard,export,production,edit,false,403,true,""
dashboard,export,production,delete,false,403,true,""
dashboard,export,shift_log,view,false,403,true,""
dashboard,export,shift_log,create,false,403,true,""
dashboard,export,shift_log,delete,false,403,true,""
dashboard,export,sales,view,false,403,true,""
dashboard,export,sales,create,false,403,true,""
dashboard,export,sales,edit,false,403,true,""
dashboard,export,sales,delete,false,403,true,""
dashboard,export,sales,approve,false,403,true,""
dashboard,export,sales,export,false,403,true,""
dashboard,export,parties,view,false,403,true,""
dashboard,export,parties,create,false,403,true,""
dashboard,export,parties,edit,false,403,true,""
dashboard,export,parties,delete,false,403,true,""
dashboard,export,expenses,view,false,403,true,""
dashboard,export,expenses,create,false,403,true,""
dashboard,export,expenses,edit,false,403,true,""
dashboard,export,expenses,delete,false,403,true,""
dashboard,export,locations,view,false,403,true,""
dashboard,export,locations,create,false,403,true,""
dashboard,export,locations,edit,false,403,true,""
dashboard,export,locations,delete,false,403,true,""
dashboard,export,reports,view,false,403,true,""
dashboard,export,settings,view,false,403,true,""
dashboard,export,vendor_orders,view,false,403,true,"internal roles; only checked on vendor portal"
dashboard,export,customer_orders,view,false,403,true,"internal roles; only checked on customer portal"
dashboard,export,returns,view,false,403,true,""
dashboard,export,returns,create,false,403,true,""
dashboard,export,returns,approve,false,403,true,""
dashboard,export,users,view,false,403,true,""
dashboard,export,users,create,false,403,true,""
dashboard,export,users,edit,false,403,true,""
dashboard,export,users,delete,false,403,true,""
dashboard,export,billing,view,false,403,true,""
dashboard,export,billing,create,false,403,true,""
dashboard,export,billing,edit,false,403,true,""
dashboard,export,stock_transfers,view,false,200,false,"no permission check on GET at all"
dashboard,export,stock_transfers,create,false,403,true,"checked against inventory:create, not stock_transfers"
catalog,view,dashboard,view,false,403,true,""
catalog,view,dashboard,export,false,403,true,""
catalog,view,catalog,view,true,200,true,""
catalog,view,catalog,create,false,403,true,""
catalog,view,catalog,edit,false,403,true,""
catalog,view,catalog,delete,false,403,true,""
catalog,view,inventory,view,false,403,true,""
catalog,view,inventory,create,false,403,true,""
catalog,view,inventory,edit,false,403,true,""
catalog,view,procurement,view,false,403,true,""
catalog,view,procurement,create,false,403,true,""
catalog,view,procurement,edit,false,403,true,""
catalog,view,procurement,delete,false,403,true,""
catalog,view,procurement,approve,false,403,true,""
catalog,view,production,view,false,403,true,""
catalog,view,production,create,false,403,true,""
catalog,view,production,edit,false,403,true,""
catalog,view,production,delete,false,403,true,""
catalog,view,shift_log,view,false,403,true,""
catalog,view,shift_log,create,false,403,true,""
catalog,view,shift_log,delete,false,403,true,""
catalog,view,sales,view,false,403,true,""
catalog,view,sales,create,false,403,true,""
catalog,view,sales,edit,false,403,true,""
catalog,view,sales,delete,false,403,true,""
catalog,view,sales,approve,false,403,true,""
catalog,view,sales,export,false,403,true,""
catalog,view,parties,view,false,403,true,""
catalog,view,parties,create,false,403,true,""
catalog,view,parties,edit,false,403,true,""
catalog,view,parties,delete,false,403,true,""
catalog,view,expenses,view,false,403,true,""
catalog,view,expenses,create,false,403,true,""
catalog,view,expenses,edit,false,403,true,""
catalog,view,expenses,delete,false,403,true,""
catalog,view,locations,view,false,403,true,""
catalog,view,locations,create,false,403,true,""
catalog,view,locations,edit,false,403,true,""
catalog,view,locations,delete,false,403,true,""
catalog,view,reports,view,false,403,true,""
catalog,view,settings,view,false,403,true,""
catalog,view,vendor_orders,view,false,403,true,"internal roles; only checked on vendor portal"
catalog,view,customer_orders,view,false,403,true,"internal roles; only checked on customer portal"
catalog,view,returns,view,false,403,true,""
catalog,view,returns,create,false,403,true,""
catalog,view,returns,approve,false,403,true,""
catalog,view,users,view,false,403,true,""
catalog,view,users,create,false,403,true,""
catalog,view,users,edit,false,403,true,""
catalog,view,users,delete,false,403,true,""
catalog,view,billing,view,false,403,true,""
catalog,view,billing,create,false,403,true,""
catalog,view,billing,edit,false,403,true,""
catalog,view,stock_transfers,view,false,200,false,"no permission check on GET at all"
catalog,view,stock_transfers,create,false,403,true,"checked against inventory:create, not stock_transfers"
catalog,create,dashboard,view,false,403,true,""
catalog,create,dashboard,export,false,403,true,""
catalog,create,catalog,view,false,403,true,""
catalog,create,catalog,create,true,400,true,""
catalog,create,catalog,edit,false,403,true,""
catalog,create,catalog,delete,false,403,true,""
catalog,create,inventory,view,false,403,true,""
catalog,create,inventory,create,false,403,true,""
catalog,create,inventory,edit,false,403,true,""
catalog,create,procurement,view,false,403,true,""
catalog,create,procurement,create,false,403,true,""
catalog,create,procurement,edit,false,403,true,""
catalog,create,procurement,delete,false,403,true,""
catalog,create,procurement,approve,false,403,true,""
catalog,create,production,view,false,403,true,""
catalog,create,production,create,false,403,true,""
catalog,create,production,edit,false,403,true,""
catalog,create,production,delete,false,403,true,""
catalog,create,shift_log,view,false,403,true,""
catalog,create,shift_log,create,false,403,true,""
catalog,create,shift_log,delete,false,403,true,""
catalog,create,sales,view,false,403,true,""
catalog,create,sales,create,false,403,true,""
catalog,create,sales,edit,false,403,true,""
catalog,create,sales,delete,false,403,true,""
catalog,create,sales,approve,false,403,true,""
catalog,create,sales,export,false,403,true,""
catalog,create,parties,view,false,403,true,""
catalog,create,parties,create,false,403,true,""
catalog,create,parties,edit,false,403,true,""
catalog,create,parties,delete,false,403,true,""
catalog,create,expenses,view,false,403,true,""
catalog,create,expenses,create,false,403,true,""
catalog,create,expenses,edit,false,403,true,""
catalog,create,expenses,delete,false,403,true,""
catalog,create,locations,view,false,403,true,""
catalog,create,locations,create,false,403,true,""
catalog,create,locations,edit,false,403,true,""
catalog,create,locations,delete,false,403,true,""
catalog,create,reports,view,false,403,true,""
catalog,create,settings,view,false,403,true,""
catalog,create,vendor_orders,view,false,403,true,"internal roles; only checked on vendor portal"
catalog,create,customer_orders,view,false,403,true,"internal roles; only checked on customer portal"
catalog,create,returns,view,false,403,true,""
catalog,create,returns,create,false,403,true,""
catalog,create,returns,approve,false,403,true,""
catalog,create,users,view,false,403,true,""
catalog,create,users,create,false,403,true,""
catalog,create,users,edit,false,403,true,""
catalog,create,users,delete,false,403,true,""
catalog,create,billing,view,false,403,true,""
catalog,create,billing,create,false,403,true,""
catalog,create,billing,edit,false,403,true,""
catalog,create,stock_transfers,view,false,200,false,"no permission check on GET at all"
catalog,create,stock_transfers,create,false,403,true,"checked against inventory:create, not stock_transfers"
catalog,edit,dashboard,view,false,403,true,""
catalog,edit,dashboard,export,false,403,true,""
catalog,edit,catalog,view,false,403,true,""
catalog,edit,catalog,create,false,403,true,""
catalog,edit,catalog,edit,true,400,true,""
catalog,edit,catalog,delete,false,403,true,""
catalog,edit,inventory,view,false,403,true,""
catalog,edit,inventory,create,false,403,true,""
catalog,edit,inventory,edit,false,403,true,""
catalog,edit,procurement,view,false,403,true,""
catalog,edit,procurement,create,false,403,true,""
catalog,edit,procurement,edit,false,403,true,""
catalog,edit,procurement,delete,false,403,true,""
catalog,edit,procurement,approve,false,403,true,""
catalog,edit,production,view,false,403,true,""
catalog,edit,production,create,false,403,true,""
catalog,edit,production,edit,false,403,true,""
catalog,edit,production,delete,false,403,true,""
catalog,edit,shift_log,view,false,403,true,""
catalog,edit,shift_log,create,false,403,true,""
catalog,edit,shift_log,delete,false,403,true,""
catalog,edit,sales,view,false,403,true,""
catalog,edit,sales,create,false,403,true,""
catalog,edit,sales,edit,false,403,true,""
catalog,edit,sales,delete,false,403,true,""
catalog,edit,sales,approve,false,403,true,""
catalog,edit,sales,export,false,403,true,""
catalog,edit,parties,view,false,403,true,""
catalog,edit,parties,create,false,403,true,""
catalog,edit,parties,edit,false,403,true,""
catalog,edit,parties,delete,false,403,true,""
catalog,edit,expenses,view,false,403,true,""
catalog,edit,expenses,create,false,403,true,""
catalog,edit,expenses,edit,false,403,true,""
catalog,edit,expenses,delete,false,403,true,""
catalog,edit,locations,view,false,403,true,""
catalog,edit,locations,create,false,403,true,""
catalog,edit,locations,edit,false,403,true,""
catalog,edit,locations,delete,false,403,true,""
catalog,edit,reports,view,false,403,true,""
catalog,edit,settings,view,false,403,true,""
catalog,edit,vendor_orders,view,false,403,true,"internal roles; only checked on vendor portal"
catalog,edit,customer_orders,view,false,403,true,"internal roles; only checked on customer portal"
catalog,edit,returns,view,false,403,true,""
catalog,edit,returns,create,false,403,true,""
catalog,edit,returns,approve,false,403,true,""
catalog,edit,users,view,false,403,true,""
catalog,edit,users,create,false,403,true,""
catalog,edit,users,edit,false,403,true,""
catalog,edit,users,delete,false,403,true,""
catalog,edit,billing,view,false,403,true,""
catalog,edit,billing,create,false,403,true,""
catalog,edit,billing,edit,false,403,true,""
catalog,edit,stock_transfers,view,false,200,false,"no permission check on GET at all"
catalog,edit,stock_transfers,create,false,403,true,"checked against inventory:create, not stock_transfers"
catalog,delete,dashboard,view,false,403,true,""
catalog,delete,dashboard,export,false,403,true,""
catalog,delete,catalog,view,false,403,true,""
catalog,delete,catalog,create,false,403,true,""
catalog,delete,catalog,edit,false,403,true,""
catalog,delete,catalog,delete,true,404,true,""
catalog,delete,inventory,view,false,403,true,""
catalog,delete,inventory,create,false,403,true,""
catalog,delete,inventory,edit,false,403,true,""
catalog,delete,procurement,view,false,403,true,""
catalog,delete,procurement,create,false,403,true,""
catalog,delete,procurement,edit,false,403,true,""
catalog,delete,procurement,delete,false,403,true,""
catalog,delete,procurement,approve,false,403,true,""
catalog,delete,production,view,false,403,true,""
catalog,delete,production,create,false,403,true,""
catalog,delete,production,edit,false,403,true,""
catalog,delete,production,delete,false,403,true,""
catalog,delete,shift_log,view,false,403,true,""
catalog,delete,shift_log,create,false,403,true,""
catalog,delete,shift_log,delete,false,403,true,""
catalog,delete,sales,view,false,403,true,""
catalog,delete,sales,create,false,403,true,""
catalog,delete,sales,edit,false,403,true,""
catalog,delete,sales,delete,false,403,true,""
catalog,delete,sales,approve,false,403,true,""
catalog,delete,sales,export,false,403,true,""
catalog,delete,parties,view,false,403,true,""
catalog,delete,parties,create,false,403,true,""
catalog,delete,parties,edit,false,403,true,""
catalog,delete,parties,delete,false,403,true,""
catalog,delete,expenses,view,false,403,true,""
catalog,delete,expenses,create,false,403,true,""
catalog,delete,expenses,edit,false,403,true,""
catalog,delete,expenses,delete,false,403,true,""
catalog,delete,locations,view,false,403,true,""
catalog,delete,locations,create,false,403,true,""
catalog,delete,locations,edit,false,403,true,""
catalog,delete,locations,delete,false,403,true,""
catalog,delete,reports,view,false,403,true,""
catalog,delete,settings,view,false,403,true,""
catalog,delete,vendor_orders,view,false,403,true,"internal roles; only checked on vendor portal"
catalog,delete,customer_orders,view,false,403,true,"internal roles; only checked on customer portal"
catalog,delete,returns,view,false,403,true,""
catalog,delete,returns,create,false,403,true,""
catalog,delete,returns,approve,false,403,true,""
catalog,delete,users,view,false,403,true,""
catalog,delete,users,create,false,403,true,""
catalog,delete,users,edit,false,403,true,""
catalog,delete,users,delete,false,403,true,""
catalog,delete,billing,view,false,403,true,""
catalog,delete,billing,create,false,403,true,""
catalog,delete,billing,edit,false,403,true,""
catalog,delete,stock_transfers,view,false,200,false,"no permission check on GET at all"
catalog,delete,stock_transfers,create,false,403,true,"checked against inventory:create, not stock_transfers"
inventory,view,dashboard,view,false,403,true,""
inventory,view,dashboard,export,false,403,true,""
inventory,view,catalog,view,false,403,true,""
inventory,view,catalog,create,false,403,true,""
inventory,view,catalog,edit,false,403,true,""
inventory,view,catalog,delete,false,403,true,""
inventory,view,inventory,view,true,200,true,""
inventory,view,inventory,create,false,403,true,""
inventory,view,inventory,edit,false,403,true,""
inventory,view,procurement,view,false,403,true,""
inventory,view,procurement,create,false,403,true,""
inventory,view,procurement,edit,false,403,true,""
inventory,view,procurement,delete,false,403,true,""
inventory,view,procurement,approve,false,403,true,""
inventory,view,production,view,false,403,true,""
inventory,view,production,create,false,403,true,""
inventory,view,production,edit,false,403,true,""
inventory,view,production,delete,false,403,true,""
inventory,view,shift_log,view,false,403,true,""
inventory,view,shift_log,create,false,403,true,""
inventory,view,shift_log,delete,false,403,true,""
inventory,view,sales,view,false,403,true,""
inventory,view,sales,create,false,403,true,""
inventory,view,sales,edit,false,403,true,""
inventory,view,sales,delete,false,403,true,""
inventory,view,sales,approve,false,403,true,""
inventory,view,sales,export,false,403,true,""
inventory,view,parties,view,false,403,true,""
inventory,view,parties,create,false,403,true,""
inventory,view,parties,edit,false,403,true,""
inventory,view,parties,delete,false,403,true,""
inventory,view,expenses,view,false,403,true,""
inventory,view,expenses,create,false,403,true,""
inventory,view,expenses,edit,false,403,true,""
inventory,view,expenses,delete,false,403,true,""
inventory,view,locations,view,false,403,true,""
inventory,view,locations,create,false,403,true,""
inventory,view,locations,edit,false,403,true,""
inventory,view,locations,delete,false,403,true,""
inventory,view,reports,view,false,403,true,""
inventory,view,settings,view,false,403,true,""
inventory,view,vendor_orders,view,false,403,true,"internal roles; only checked on vendor portal"
inventory,view,customer_orders,view,false,403,true,"internal roles; only checked on customer portal"
inventory,view,returns,view,false,403,true,""
inventory,view,returns,create,false,403,true,""
inventory,view,returns,approve,false,403,true,""
inventory,view,users,view,false,403,true,""
inventory,view,users,create,false,403,true,""
inventory,view,users,edit,false,403,true,""
inventory,view,users,delete,false,403,true,""
inventory,view,billing,view,false,403,true,""
inventory,view,billing,create,false,403,true,""
inventory,view,billing,edit,false,403,true,""
inventory,view,stock_transfers,view,false,200,false,"no permission check on GET at all"
inventory,view,stock_transfers,create,false,403,true,"checked against inventory:create, not stock_transfers"
inventory,create,dashboard,view,false,403,true,""
inventory,create,dashboard,export,false,403,true,""
inventory,create,catalog,view,false,403,true,""
inventory,create,catalog,create,false,403,true,""
inventory,create,catalog,edit,false,403,true,""
inventory,create,catalog,delete,false,403,true,""
inventory,create,inventory,view,false,403,true,""
inventory,create,inventory,create,true,400,true,""
inventory,create,inventory,edit,false,403,true,""
inventory,create,procurement,view,false,403,true,""
inventory,create,procurement,create,false,403,true,""
inventory,create,procurement,edit,false,403,true,""
inventory,create,procurement,delete,false,403,true,""
inventory,create,procurement,approve,false,403,true,""
inventory,create,production,view,false,403,true,""
inventory,create,production,create,false,403,true,""
inventory,create,production,edit,false,403,true,""
inventory,create,production,delete,false,403,true,""
inventory,create,shift_log,view,false,403,true,""
inventory,create,shift_log,create,false,403,true,""
inventory,create,shift_log,delete,false,403,true,""
inventory,create,sales,view,false,403,true,""
inventory,create,sales,create,false,403,true,""
inventory,create,sales,edit,false,403,true,""
inventory,create,sales,delete,false,403,true,""
inventory,create,sales,approve,false,403,true,""
inventory,create,sales,export,false,403,true,""
inventory,create,parties,view,false,403,true,""
inventory,create,parties,create,false,403,true,""
inventory,create,parties,edit,false,403,true,""
inventory,create,parties,delete,false,403,true,""
inventory,create,expenses,view,false,403,true,""
inventory,create,expenses,create,false,403,true,""
inventory,create,expenses,edit,false,403,true,""
inventory,create,expenses,delete,false,403,true,""
inventory,create,locations,view,false,403,true,""
inventory,create,locations,create,false,403,true,""
inventory,create,locations,edit,false,403,true,""
inventory,create,locations,delete,false,403,true,""
inventory,create,reports,view,false,403,true,""
inventory,create,settings,view,false,403,true,""
inventory,create,vendor_orders,view,false,403,true,"internal roles; only checked on vendor portal"
inventory,create,customer_orders,view,false,403,true,"internal roles; only checked on customer portal"
inventory,create,returns,view,false,403,true,""
inventory,create,returns,create,false,403,true,""
inventory,create,returns,approve,false,403,true,""
inventory,create,users,view,false,403,true,""
inventory,create,users,create,false,403,true,""
inventory,create,users,edit,false,403,true,""
inventory,create,users,delete,false,403,true,""
inventory,create,billing,view,false,403,true,""
inventory,create,billing,create,false,403,true,""
inventory,create,billing,edit,false,403,true,""
inventory,create,stock_transfers,view,false,200,false,"no permission check on GET at all"
inventory,create,stock_transfers,create,false,400,false,"checked against inventory:create, not stock_transfers"
inventory,edit,dashboard,view,false,403,true,""
inventory,edit,dashboard,export,false,403,true,""
inventory,edit,catalog,view,false,403,true,""
inventory,edit,catalog,create,false,403,true,""
inventory,edit,catalog,edit,false,403,true,""
inventory,edit,catalog,delete,false,403,true,""
inventory,edit,inventory,view,false,403,true,""
inventory,edit,inventory,create,false,403,true,""
inventory,edit,inventory,edit,true,400,true,""
inventory,edit,procurement,view,false,403,true,""
inventory,edit,procurement,create,false,403,true,""
inventory,edit,procurement,edit,false,403,true,""
inventory,edit,procurement,delete,false,403,true,""
inventory,edit,procurement,approve,false,403,true,""
inventory,edit,production,view,false,403,true,""
inventory,edit,production,create,false,403,true,""
inventory,edit,production,edit,false,403,true,""
inventory,edit,production,delete,false,403,true,""
inventory,edit,shift_log,view,false,403,true,""
inventory,edit,shift_log,create,false,403,true,""
inventory,edit,shift_log,delete,false,403,true,""
inventory,edit,sales,view,false,403,true,""
inventory,edit,sales,create,false,403,true,""
inventory,edit,sales,edit,false,403,true,""
inventory,edit,sales,delete,false,403,true,""
inventory,edit,sales,approve,false,403,true,""
inventory,edit,sales,export,false,403,true,""
inventory,edit,parties,view,false,403,true,""
inventory,edit,parties,create,false,403,true,""
inventory,edit,parties,edit,false,403,true,""
inventory,edit,parties,delete,false,403,true,""
inventory,edit,expenses,view,false,403,true,""
inventory,edit,expenses,create,false,403,true,""
inventory,edit,expenses,edit,false,403,true,""
inventory,edit,expenses,delete,false,403,true,""
inventory,edit,locations,view,false,403,true,""
inventory,edit,locations,create,false,403,true,""
inventory,edit,locations,edit,false,403,true,""
inventory,edit,locations,delete,false,403,true,""
inventory,edit,reports,view,false,403,true,""
inventory,edit,settings,view,false,403,true,""
inventory,edit,vendor_orders,view,false,403,true,"internal roles; only checked on vendor portal"
inventory,edit,customer_orders,view,false,403,true,"internal roles; only checked on customer portal"
inventory,edit,returns,view,false,403,true,""
inventory,edit,returns,create,false,403,true,""
inventory,edit,returns,approve,false,403,true,""
inventory,edit,users,view,false,403,true,""
inventory,edit,users,create,false,403,true,""
inventory,edit,users,edit,false,403,true,""
inventory,edit,users,delete,false,403,true,""
inventory,edit,billing,view,false,403,true,""
inventory,edit,billing,create,false,403,true,""
inventory,edit,billing,edit,false,403,true,""
inventory,edit,stock_transfers,view,false,200,false,"no permission check on GET at all"
inventory,edit,stock_transfers,create,false,403,true,"checked against inventory:create, not stock_transfers"
procurement,view,dashboard,view,false,403,true,""
procurement,view,dashboard,export,false,403,true,""
procurement,view,catalog,view,false,403,true,""
procurement,view,catalog,create,false,403,true,""
procurement,view,catalog,edit,false,403,true,""
procurement,view,catalog,delete,false,403,true,""
procurement,view,inventory,view,false,403,true,""
procurement,view,inventory,create,false,403,true,""
procurement,view,inventory,edit,false,403,true,""
procurement,view,procurement,view,true,200,true,""
procurement,view,procurement,create,false,403,true,""
procurement,view,procurement,edit,false,403,true,""
procurement,view,procurement,delete,false,403,true,""
procurement,view,procurement,approve,false,403,true,""
procurement,view,production,view,false,403,true,""
procurement,view,production,create,false,403,true,""
procurement,view,production,edit,false,403,true,""
procurement,view,production,delete,false,403,true,""
procurement,view,shift_log,view,false,403,true,""
procurement,view,shift_log,create,false,403,true,""
procurement,view,shift_log,delete,false,403,true,""
procurement,view,sales,view,false,403,true,""
procurement,view,sales,create,false,403,true,""
procurement,view,sales,edit,false,403,true,""
procurement,view,sales,delete,false,403,true,""
procurement,view,sales,approve,false,403,true,""
procurement,view,sales,export,false,403,true,""
procurement,view,parties,view,false,403,true,""
procurement,view,parties,create,false,403,true,""
procurement,view,parties,edit,false,403,true,""
procurement,view,parties,delete,false,403,true,""
procurement,view,expenses,view,false,403,true,""
procurement,view,expenses,create,false,403,true,""
procurement,view,expenses,edit,false,403,true,""
procurement,view,expenses,delete,false,403,true,""
procurement,view,locations,view,false,403,true,""
procurement,view,locations,create,false,403,true,""
procurement,view,locations,edit,false,403,true,""
procurement,view,locations,delete,false,403,true,""
procurement,view,reports,view,false,403,true,""
procurement,view,settings,view,false,403,true,""
procurement,view,vendor_orders,view,false,403,true,"internal roles; only checked on vendor portal"
procurement,view,customer_orders,view,false,403,true,"internal roles; only checked on customer portal"
procurement,view,returns,view,false,403,true,""
procurement,view,returns,create,false,403,true,""
procurement,view,returns,approve,false,403,true,""
procurement,view,users,view,false,403,true,""
procurement,view,users,create,false,403,true,""
procurement,view,users,edit,false,403,true,""
procurement,view,users,delete,false,403,true,""
procurement,view,billing,view,false,403,true,""
procurement,view,billing,create,false,403,true,""
procurement,view,billing,edit,false,403,true,""
procurement,view,stock_transfers,view,false,200,false,"no permission check on GET at all"
procurement,view,stock_transfers,create,false,403,true,"checked against inventory:create, not stock_transfers"
procurement,create,dashboard,view,false,403,true,""
procurement,create,dashboard,export,false,403,true,""
procurement,create,catalog,view,false,403,true,""
procurement,create,catalog,create,false,403,true,""
procurement,create,catalog,edit,false,403,true,""
procurement,create,catalog,delete,false,403,true,""
procurement,create,inventory,view,false,403,true,""
procurement,create,inventory,create,false,403,true,""
procurement,create,inventory,edit,false,403,true,""
procurement,create,procurement,view,false,403,true,""
procurement,create,procurement,create,true,400,true,""
procurement,create,procurement,edit,false,403,true,""
procurement,create,procurement,delete,false,403,true,""
procurement,create,procurement,approve,false,403,true,""
procurement,create,production,view,false,403,true,""
procurement,create,production,create,false,403,true,""
procurement,create,production,edit,false,403,true,""
procurement,create,production,delete,false,403,true,""
procurement,create,shift_log,view,false,403,true,""
procurement,create,shift_log,create,false,403,true,""
procurement,create,shift_log,delete,false,403,true,""
procurement,create,sales,view,false,403,true,""
procurement,create,sales,create,false,403,true,""
procurement,create,sales,edit,false,403,true,""
procurement,create,sales,delete,false,403,true,""
procurement,create,sales,approve,false,403,true,""
procurement,create,sales,export,false,403,true,""
procurement,create,parties,view,false,403,true,""
procurement,create,parties,create,false,403,true,""
procurement,create,parties,edit,false,403,true,""
procurement,create,parties,delete,false,403,true,""
procurement,create,expenses,view,false,403,true,""
procurement,create,expenses,create,false,403,true,""
procurement,create,expenses,edit,false,403,true,""
procurement,create,expenses,delete,false,403,true,""
procurement,create,locations,view,false,403,true,""
procurement,create,locations,create,false,403,true,""
procurement,create,locations,edit,false,403,true,""
procurement,create,locations,delete,false,403,true,""
procurement,create,reports,view,false,403,true,""
procurement,create,settings,view,false,403,true,""
procurement,create,vendor_orders,view,false,403,true,"internal roles; only checked on vendor portal"
procurement,create,customer_orders,view,false,403,true,"internal roles; only checked on customer portal"
procurement,create,returns,view,false,403,true,""
procurement,create,returns,create,false,403,true,""
procurement,create,returns,approve,false,403,true,""
procurement,create,users,view,false,403,true,""
procurement,create,users,create,false,403,true,""
procurement,create,users,edit,false,403,true,""
procurement,create,users,delete,false,403,true,""
procurement,create,billing,view,false,403,true,""
procurement,create,billing,create,false,403,true,""
procurement,create,billing,edit,false,403,true,""
procurement,create,stock_transfers,view,false,200,false,"no permission check on GET at all"
procurement,create,stock_transfers,create,false,403,true,"checked against inventory:create, not stock_transfers"
procurement,edit,dashboard,view,false,403,true,""
procurement,edit,dashboard,export,false,403,true,""
procurement,edit,catalog,view,false,403,true,""
procurement,edit,catalog,create,false,403,true,""
procurement,edit,catalog,edit,false,403,true,""
procurement,edit,catalog,delete,false,403,true,""
procurement,edit,inventory,view,false,403,true,""
procurement,edit,inventory,create,false,403,true,""
procurement,edit,inventory,edit,false,403,true,""
procurement,edit,procurement,view,false,403,true,""
procurement,edit,procurement,create,false,403,true,""
procurement,edit,procurement,edit,true,404,true,""
procurement,edit,procurement,delete,false,403,true,""
procurement,edit,procurement,approve,false,403,true,""
procurement,edit,production,view,false,403,true,""
procurement,edit,production,create,false,403,true,""
procurement,edit,production,edit,false,403,true,""
procurement,edit,production,delete,false,403,true,""
procurement,edit,shift_log,view,false,403,true,""
procurement,edit,shift_log,create,false,403,true,""
procurement,edit,shift_log,delete,false,403,true,""
procurement,edit,sales,view,false,403,true,""
procurement,edit,sales,create,false,403,true,""
procurement,edit,sales,edit,false,403,true,""
procurement,edit,sales,delete,false,403,true,""
procurement,edit,sales,approve,false,403,true,""
procurement,edit,sales,export,false,403,true,""
procurement,edit,parties,view,false,403,true,""
procurement,edit,parties,create,false,403,true,""
procurement,edit,parties,edit,false,403,true,""
procurement,edit,parties,delete,false,403,true,""
procurement,edit,expenses,view,false,403,true,""
procurement,edit,expenses,create,false,403,true,""
procurement,edit,expenses,edit,false,403,true,""
procurement,edit,expenses,delete,false,403,true,""
procurement,edit,locations,view,false,403,true,""
procurement,edit,locations,create,false,403,true,""
procurement,edit,locations,edit,false,403,true,""
procurement,edit,locations,delete,false,403,true,""
procurement,edit,reports,view,false,403,true,""
procurement,edit,settings,view,false,403,true,""
procurement,edit,vendor_orders,view,false,403,true,"internal roles; only checked on vendor portal"
procurement,edit,customer_orders,view,false,403,true,"internal roles; only checked on customer portal"
procurement,edit,returns,view,false,403,true,""
procurement,edit,returns,create,false,403,true,""
procurement,edit,returns,approve,false,403,true,""
procurement,edit,users,view,false,403,true,""
procurement,edit,users,create,false,403,true,""
procurement,edit,users,edit,false,403,true,""
procurement,edit,users,delete,false,403,true,""
procurement,edit,billing,view,false,403,true,""
procurement,edit,billing,create,false,403,true,""
procurement,edit,billing,edit,false,403,true,""
procurement,edit,stock_transfers,view,false,200,false,"no permission check on GET at all"
procurement,edit,stock_transfers,create,false,403,true,"checked against inventory:create, not stock_transfers"
procurement,delete,dashboard,view,false,403,true,""
procurement,delete,dashboard,export,false,403,true,""
procurement,delete,catalog,view,false,403,true,""
procurement,delete,catalog,create,false,403,true,""
procurement,delete,catalog,edit,false,403,true,""
procurement,delete,catalog,delete,false,403,true,""
procurement,delete,inventory,view,false,403,true,""
procurement,delete,inventory,create,false,403,true,""
procurement,delete,inventory,edit,false,403,true,""
procurement,delete,procurement,view,false,403,true,""
procurement,delete,procurement,create,false,403,true,""
procurement,delete,procurement,edit,false,403,true,""
procurement,delete,procurement,delete,true,200,true,""
procurement,delete,procurement,approve,false,403,true,""
procurement,delete,production,view,false,403,true,""
procurement,delete,production,create,false,403,true,""
procurement,delete,production,edit,false,403,true,""
procurement,delete,production,delete,false,403,true,""
procurement,delete,shift_log,view,false,403,true,""
procurement,delete,shift_log,create,false,403,true,""
procurement,delete,shift_log,delete,false,403,true,""
procurement,delete,sales,view,false,403,true,""
procurement,delete,sales,create,false,403,true,""
procurement,delete,sales,edit,false,403,true,""
procurement,delete,sales,delete,false,403,true,""
procurement,delete,sales,approve,false,403,true,""
procurement,delete,sales,export,false,403,true,""
procurement,delete,parties,view,false,403,true,""
procurement,delete,parties,create,false,403,true,""
procurement,delete,parties,edit,false,403,true,""
procurement,delete,parties,delete,false,403,true,""
procurement,delete,expenses,view,false,403,true,""
procurement,delete,expenses,create,false,403,true,""
procurement,delete,expenses,edit,false,403,true,""
procurement,delete,expenses,delete,false,403,true,""
procurement,delete,locations,view,false,403,true,""
procurement,delete,locations,create,false,403,true,""
procurement,delete,locations,edit,false,403,true,""
procurement,delete,locations,delete,false,403,true,""
procurement,delete,reports,view,false,403,true,""
procurement,delete,settings,view,false,403,true,""
procurement,delete,vendor_orders,view,false,403,true,"internal roles; only checked on vendor portal"
procurement,delete,customer_orders,view,false,403,true,"internal roles; only checked on customer portal"
procurement,delete,returns,view,false,403,true,""
procurement,delete,returns,create,false,403,true,""
procurement,delete,returns,approve,false,403,true,""
procurement,delete,users,view,false,403,true,""
procurement,delete,users,create,false,403,true,""
procurement,delete,users,edit,false,403,true,""
procurement,delete,users,delete,false,403,true,""
procurement,delete,billing,view,false,403,true,""
procurement,delete,billing,create,false,403,true,""
procurement,delete,billing,edit,false,403,true,""
procurement,delete,stock_transfers,view,false,200,false,"no permission check on GET at all"
procurement,delete,stock_transfers,create,false,403,true,"checked against inventory:create, not stock_transfers"
procurement,approve,dashboard,view,false,403,true,""
procurement,approve,dashboard,export,false,403,true,""
procurement,approve,catalog,view,false,403,true,""
procurement,approve,catalog,create,false,403,true,""
procurement,approve,catalog,edit,false,403,true,""
procurement,approve,catalog,delete,false,403,true,""
procurement,approve,inventory,view,false,403,true,""
procurement,approve,inventory,create,false,403,true,""
procurement,approve,inventory,edit,false,403,true,""
procurement,approve,procurement,view,false,403,true,""
procurement,approve,procurement,create,false,403,true,""
procurement,approve,procurement,edit,false,403,true,""
procurement,approve,procurement,delete,false,403,true,""
procurement,approve,procurement,approve,true,404,true,""
procurement,approve,production,view,false,403,true,""
procurement,approve,production,create,false,403,true,""
procurement,approve,production,edit,false,403,true,""
procurement,approve,production,delete,false,403,true,""
procurement,approve,shift_log,view,false,403,true,""
procurement,approve,shift_log,create,false,403,true,""
procurement,approve,shift_log,delete,false,403,true,""
procurement,approve,sales,view,false,403,true,""
procurement,approve,sales,create,false,403,true,""
procurement,approve,sales,edit,false,403,true,""
procurement,approve,sales,delete,false,403,true,""
procurement,approve,sales,approve,false,403,true,""
procurement,approve,sales,export,false,403,true,""
procurement,approve,parties,view,false,403,true,""
procurement,approve,parties,create,false,403,true,""
procurement,approve,parties,edit,false,403,true,""
procurement,approve,parties,delete,false,403,true,""
procurement,approve,expenses,view,false,403,true,""
procurement,approve,expenses,create,false,403,true,""
procurement,approve,expenses,edit,false,403,true,""
procurement,approve,expenses,delete,false,403,true,""
procurement,approve,locations,view,false,403,true,""
procurement,approve,locations,create,false,403,true,""
procurement,approve,locations,edit,false,403,true,""
procurement,approve,locations,delete,false,403,true,""
procurement,approve,reports,view,false,403,true,""
procurement,approve,settings,view,false,403,true,""
procurement,approve,vendor_orders,view,false,403,true,"internal roles; only checked on vendor portal"
procurement,approve,customer_orders,view,false,403,true,"internal roles; only checked on customer portal"
procurement,approve,returns,view,false,403,true,""
procurement,approve,returns,create,false,403,true,""
procurement,approve,returns,approve,false,403,true,""
procurement,approve,users,view,false,403,true,""
procurement,approve,users,create,false,403,true,""
procurement,approve,users,edit,false,403,true,""
procurement,approve,users,delete,false,403,true,""
procurement,approve,billing,view,false,403,true,""
procurement,approve,billing,create,false,403,true,""
procurement,approve,billing,edit,false,403,true,""
procurement,approve,stock_transfers,view,false,200,false,"no permission check on GET at all"
procurement,approve,stock_transfers,create,false,403,true,"checked against inventory:create, not stock_transfers"
production,view,dashboard,view,false,403,true,""
production,view,dashboard,export,false,403,true,""
production,view,catalog,view,false,403,true,""
production,view,catalog,create,false,403,true,""
production,view,catalog,edit,false,403,true,""
production,view,catalog,delete,false,403,true,""
production,view,inventory,view,false,403,true,""
production,view,inventory,create,false,403,true,""
production,view,inventory,edit,false,403,true,""
production,view,procurement,view,false,403,true,""
production,view,procurement,create,false,403,true,""
production,view,procurement,edit,false,403,true,""
production,view,procurement,delete,false,403,true,""
production,view,procurement,approve,false,403,true,""
production,view,production,view,true,200,true,""
production,view,production,create,false,403,true,""
production,view,production,edit,false,403,true,""
production,view,production,delete,false,403,true,""
production,view,shift_log,view,false,200,false,""
production,view,shift_log,create,false,403,true,""
production,view,shift_log,delete,false,403,true,""
production,view,sales,view,false,403,true,""
production,view,sales,create,false,403,true,""
production,view,sales,edit,false,403,true,""
production,view,sales,delete,false,403,true,""
production,view,sales,approve,false,403,true,""
production,view,sales,export,false,403,true,""
production,view,parties,view,false,403,true,""
production,view,parties,create,false,403,true,""
production,view,parties,edit,false,403,true,""
production,view,parties,delete,false,403,true,""
production,view,expenses,view,false,403,true,""
production,view,expenses,create,false,403,true,""
production,view,expenses,edit,false,403,true,""
production,view,expenses,delete,false,403,true,""
production,view,locations,view,false,403,true,""
production,view,locations,create,false,403,true,""
production,view,locations,edit,false,403,true,""
production,view,locations,delete,false,403,true,""
production,view,reports,view,false,403,true,""
production,view,settings,view,false,403,true,""
production,view,vendor_orders,view,false,403,true,"internal roles; only checked on vendor portal"
production,view,customer_orders,view,false,403,true,"internal roles; only checked on customer portal"
production,view,returns,view,false,403,true,""
production,view,returns,create,false,403,true,""
production,view,returns,approve,false,403,true,""
production,view,users,view,false,403,true,""
production,view,users,create,false,403,true,""
production,view,users,edit,false,403,true,""
production,view,users,delete,false,403,true,""
production,view,billing,view,false,403,true,""
production,view,billing,create,false,403,true,""
production,view,billing,edit,false,403,true,""
production,view,stock_transfers,view,false,200,false,"no permission check on GET at all"
production,view,stock_transfers,create,false,403,true,"checked against inventory:create, not stock_transfers"
production,create,dashboard,view,false,403,true,""
production,create,dashboard,export,false,403,true,""
production,create,catalog,view,false,403,true,""
production,create,catalog,create,false,403,true,""
production,create,catalog,edit,false,403,true,""
production,create,catalog,delete,false,403,true,""
production,create,inventory,view,false,403,true,""
production,create,inventory,create,false,403,true,""
production,create,inventory,edit,false,403,true,""
production,create,procurement,view,false,403,true,""
production,create,procurement,create,false,403,true,""
production,create,procurement,edit,false,403,true,""
production,create,procurement,delete,false,403,true,""
production,create,procurement,approve,false,403,true,""
production,create,production,view,false,403,true,""
production,create,production,create,true,400,true,""
production,create,production,edit,false,403,true,""
production,create,production,delete,false,403,true,""
production,create,shift_log,view,false,403,true,""
production,create,shift_log,create,false,400,false,""
production,create,shift_log,delete,false,403,true,""
production,create,sales,view,false,403,true,""
production,create,sales,create,false,403,true,""
production,create,sales,edit,false,403,true,""
production,create,sales,delete,false,403,true,""
production,create,sales,approve,false,403,true,""
production,create,sales,export,false,403,true,""
production,create,parties,view,false,403,true,""
production,create,parties,create,false,403,true,""
production,create,parties,edit,false,403,true,""
production,create,parties,delete,false,403,true,""
production,create,expenses,view,false,403,true,""
production,create,expenses,create,false,403,true,""
production,create,expenses,edit,false,403,true,""
production,create,expenses,delete,false,403,true,""
production,create,locations,view,false,403,true,""
production,create,locations,create,false,403,true,""
production,create,locations,edit,false,403,true,""
production,create,locations,delete,false,403,true,""
production,create,reports,view,false,403,true,""
production,create,settings,view,false,403,true,""
production,create,vendor_orders,view,false,403,true,"internal roles; only checked on vendor portal"
production,create,customer_orders,view,false,403,true,"internal roles; only checked on customer portal"
production,create,returns,view,false,403,true,""
production,create,returns,create,false,403,true,""
production,create,returns,approve,false,403,true,""
production,create,users,view,false,403,true,""
production,create,users,create,false,403,true,""
production,create,users,edit,false,403,true,""
production,create,users,delete,false,403,true,""
production,create,billing,view,false,403,true,""
production,create,billing,create,false,403,true,""
production,create,billing,edit,false,403,true,""
production,create,stock_transfers,view,false,200,false,"no permission check on GET at all"
production,create,stock_transfers,create,false,403,true,"checked against inventory:create, not stock_transfers"
production,edit,dashboard,view,false,403,true,""
production,edit,dashboard,export,false,403,true,""
production,edit,catalog,view,false,403,true,""
production,edit,catalog,create,false,403,true,""
production,edit,catalog,edit,false,403,true,""
production,edit,catalog,delete,false,403,true,""
production,edit,inventory,view,false,403,true,""
production,edit,inventory,create,false,403,true,""
production,edit,inventory,edit,false,403,true,""
production,edit,procurement,view,false,403,true,""
production,edit,procurement,create,false,403,true,""
production,edit,procurement,edit,false,403,true,""
production,edit,procurement,delete,false,403,true,""
production,edit,procurement,approve,false,403,true,""
production,edit,production,view,false,403,true,""
production,edit,production,create,false,403,true,""
production,edit,production,edit,true,404,true,""
production,edit,production,delete,false,403,true,""
production,edit,shift_log,view,false,403,true,""
production,edit,shift_log,create,false,403,true,""
production,edit,shift_log,delete,false,403,true,""
production,edit,sales,view,false,403,true,""
production,edit,sales,create,false,403,true,""
production,edit,sales,edit,false,403,true,""
production,edit,sales,delete,false,403,true,""
production,edit,sales,approve,false,403,true,""
production,edit,sales,export,false,403,true,""
production,edit,parties,view,false,403,true,""
production,edit,parties,create,false,403,true,""
production,edit,parties,edit,false,403,true,""
production,edit,parties,delete,false,403,true,""
production,edit,expenses,view,false,403,true,""
production,edit,expenses,create,false,403,true,""
production,edit,expenses,edit,false,403,true,""
production,edit,expenses,delete,false,403,true,""
production,edit,locations,view,false,403,true,""
production,edit,locations,create,false,403,true,""
production,edit,locations,edit,false,403,true,""
production,edit,locations,delete,false,403,true,""
production,edit,reports,view,false,403,true,""
production,edit,settings,view,false,403,true,""
production,edit,vendor_orders,view,false,403,true,"internal roles; only checked on vendor portal"
production,edit,customer_orders,view,false,403,true,"internal roles; only checked on customer portal"
production,edit,returns,view,false,403,true,""
production,edit,returns,create,false,403,true,""
production,edit,returns,approve,false,403,true,""
production,edit,users,view,false,403,true,""
production,edit,users,create,false,403,true,""
production,edit,users,edit,false,403,true,""
production,edit,users,delete,false,403,true,""
production,edit,billing,view,false,403,true,""
production,edit,billing,create,false,403,true,""
production,edit,billing,edit,false,403,true,""
production,edit,stock_transfers,view,false,200,false,"no permission check on GET at all"
production,edit,stock_transfers,create,false,403,true,"checked against inventory:create, not stock_transfers"
production,delete,dashboard,view,false,403,true,""
production,delete,dashboard,export,false,403,true,""
production,delete,catalog,view,false,403,true,""
production,delete,catalog,create,false,403,true,""
production,delete,catalog,edit,false,403,true,""
production,delete,catalog,delete,false,403,true,""
production,delete,inventory,view,false,403,true,""
production,delete,inventory,create,false,403,true,""
production,delete,inventory,edit,false,403,true,""
production,delete,procurement,view,false,403,true,""
production,delete,procurement,create,false,403,true,""
production,delete,procurement,edit,false,403,true,""
production,delete,procurement,delete,false,403,true,""
production,delete,procurement,approve,false,403,true,""
production,delete,production,view,false,403,true,""
production,delete,production,create,false,403,true,""
production,delete,production,edit,false,403,true,""
production,delete,production,delete,true,404,true,""
production,delete,shift_log,view,false,403,true,""
production,delete,shift_log,create,false,403,true,""
production,delete,shift_log,delete,false,404,false,""
production,delete,sales,view,false,403,true,""
production,delete,sales,create,false,403,true,""
production,delete,sales,edit,false,403,true,""
production,delete,sales,delete,false,403,true,""
production,delete,sales,approve,false,403,true,""
production,delete,sales,export,false,403,true,""
production,delete,parties,view,false,403,true,""
production,delete,parties,create,false,403,true,""
production,delete,parties,edit,false,403,true,""
production,delete,parties,delete,false,403,true,""
production,delete,expenses,view,false,403,true,""
production,delete,expenses,create,false,403,true,""
production,delete,expenses,edit,false,403,true,""
production,delete,expenses,delete,false,403,true,""
production,delete,locations,view,false,403,true,""
production,delete,locations,create,false,403,true,""
production,delete,locations,edit,false,403,true,""
production,delete,locations,delete,false,403,true,""
production,delete,reports,view,false,403,true,""
production,delete,settings,view,false,403,true,""
production,delete,vendor_orders,view,false,403,true,"internal roles; only checked on vendor portal"
production,delete,customer_orders,view,false,403,true,"internal roles; only checked on customer portal"
production,delete,returns,view,false,403,true,""
production,delete,returns,create,false,403,true,""
production,delete,returns,approve,false,403,true,""
production,delete,users,view,false,403,true,""
production,delete,users,create,false,403,true,""
production,delete,users,edit,false,403,true,""
production,delete,users,delete,false,403,true,""
production,delete,billing,view,false,403,true,""
production,delete,billing,create,false,403,true,""
production,delete,billing,edit,false,403,true,""
production,delete,stock_transfers,view,false,200,false,"no permission check on GET at all"
production,delete,stock_transfers,create,false,403,true,"checked against inventory:create, not stock_transfers"
shift_log,view,dashboard,view,false,403,true,""
shift_log,view,dashboard,export,false,403,true,""
shift_log,view,catalog,view,false,403,true,""
shift_log,view,catalog,create,false,403,true,""
shift_log,view,catalog,edit,false,403,true,""
shift_log,view,catalog,delete,false,403,true,""
shift_log,view,inventory,view,false,403,true,""
shift_log,view,inventory,create,false,403,true,""
shift_log,view,inventory,edit,false,403,true,""
shift_log,view,procurement,view,false,403,true,""
shift_log,view,procurement,create,false,403,true,""
shift_log,view,procurement,edit,false,403,true,""
shift_log,view,procurement,delete,false,403,true,""
shift_log,view,procurement,approve,false,403,true,""
shift_log,view,production,view,false,403,true,""
shift_log,view,production,create,false,403,true,""
shift_log,view,production,edit,false,403,true,""
shift_log,view,production,delete,false,403,true,""
shift_log,view,shift_log,view,true,200,true,""
shift_log,view,shift_log,create,false,403,true,""
shift_log,view,shift_log,delete,false,403,true,""
shift_log,view,sales,view,false,403,true,""
shift_log,view,sales,create,false,403,true,""
shift_log,view,sales,edit,false,403,true,""
shift_log,view,sales,delete,false,403,true,""
shift_log,view,sales,approve,false,403,true,""
shift_log,view,sales,export,false,403,true,""
shift_log,view,parties,view,false,403,true,""
shift_log,view,parties,create,false,403,true,""
shift_log,view,parties,edit,false,403,true,""
shift_log,view,parties,delete,false,403,true,""
shift_log,view,expenses,view,false,403,true,""
shift_log,view,expenses,create,false,403,true,""
shift_log,view,expenses,edit,false,403,true,""
shift_log,view,expenses,delete,false,403,true,""
shift_log,view,locations,view,false,403,true,""
shift_log,view,locations,create,false,403,true,""
shift_log,view,locations,edit,false,403,true,""
shift_log,view,locations,delete,false,403,true,""
shift_log,view,reports,view,false,403,true,""
shift_log,view,settings,view,false,403,true,""
shift_log,view,vendor_orders,view,false,403,true,"internal roles; only checked on vendor portal"
shift_log,view,customer_orders,view,false,403,true,"internal roles; only checked on customer portal"
shift_log,view,returns,view,false,403,true,""
shift_log,view,returns,create,false,403,true,""
shift_log,view,returns,approve,false,403,true,""
shift_log,view,users,view,false,403,true,""
shift_log,view,users,create,false,403,true,""
shift_log,view,users,edit,false,403,true,""
shift_log,view,users,delete,false,403,true,""
shift_log,view,billing,view,false,403,true,""
shift_log,view,billing,create,false,403,true,""
shift_log,view,billing,edit,false,403,true,""
shift_log,view,stock_transfers,view,false,200,false,"no permission check on GET at all"
shift_log,view,stock_transfers,create,false,403,true,"checked against inventory:create, not stock_transfers"
shift_log,create,dashboard,view,false,403,true,""
shift_log,create,dashboard,export,false,403,true,""
shift_log,create,catalog,view,false,403,true,""
shift_log,create,catalog,create,false,403,true,""
shift_log,create,catalog,edit,false,403,true,""
shift_log,create,catalog,delete,false,403,true,""
shift_log,create,inventory,view,false,403,true,""
shift_log,create,inventory,create,false,403,true,""
shift_log,create,inventory,edit,false,403,true,""
shift_log,create,procurement,view,false,403,true,""
shift_log,create,procurement,create,false,403,true,""
shift_log,create,procurement,edit,false,403,true,""
shift_log,create,procurement,delete,false,403,true,""
shift_log,create,procurement,approve,false,403,true,""
shift_log,create,production,view,false,403,true,""
shift_log,create,production,create,false,403,true,""
shift_log,create,production,edit,false,403,true,""
shift_log,create,production,delete,false,403,true,""
shift_log,create,shift_log,view,false,403,true,""
shift_log,create,shift_log,create,true,400,true,""
shift_log,create,shift_log,delete,false,403,true,""
shift_log,create,sales,view,false,403,true,""
shift_log,create,sales,create,false,403,true,""
shift_log,create,sales,edit,false,403,true,""
shift_log,create,sales,delete,false,403,true,""
shift_log,create,sales,approve,false,403,true,""
shift_log,create,sales,export,false,403,true,""
shift_log,create,parties,view,false,403,true,""
shift_log,create,parties,create,false,403,true,""
shift_log,create,parties,edit,false,403,true,""
shift_log,create,parties,delete,false,403,true,""
shift_log,create,expenses,view,false,403,true,""
shift_log,create,expenses,create,false,403,true,""
shift_log,create,expenses,edit,false,403,true,""
shift_log,create,expenses,delete,false,403,true,""
shift_log,create,locations,view,false,403,true,""
shift_log,create,locations,create,false,403,true,""
shift_log,create,locations,edit,false,403,true,""
shift_log,create,locations,delete,false,403,true,""
shift_log,create,reports,view,false,403,true,""
shift_log,create,settings,view,false,403,true,""
shift_log,create,vendor_orders,view,false,403,true,"internal roles; only checked on vendor portal"
shift_log,create,customer_orders,view,false,403,true,"internal roles; only checked on customer portal"
shift_log,create,returns,view,false,403,true,""
shift_log,create,returns,create,false,403,true,""
shift_log,create,returns,approve,false,403,true,""
shift_log,create,users,view,false,403,true,""
shift_log,create,users,create,false,403,true,""
shift_log,create,users,edit,false,403,true,""
shift_log,create,users,delete,false,403,true,""
shift_log,create,billing,view,false,403,true,""
shift_log,create,billing,create,false,403,true,""
shift_log,create,billing,edit,false,403,true,""
shift_log,create,stock_transfers,view,false,200,false,"no permission check on GET at all"
shift_log,create,stock_transfers,create,false,403,true,"checked against inventory:create, not stock_transfers"
shift_log,delete,dashboard,view,false,403,true,""
shift_log,delete,dashboard,export,false,403,true,""
shift_log,delete,catalog,view,false,403,true,""
shift_log,delete,catalog,create,false,403,true,""
shift_log,delete,catalog,edit,false,403,true,""
shift_log,delete,catalog,delete,false,403,true,""
shift_log,delete,inventory,view,false,403,true,""
shift_log,delete,inventory,create,false,403,true,""
shift_log,delete,inventory,edit,false,403,true,""
shift_log,delete,procurement,view,false,403,true,""
shift_log,delete,procurement,create,false,403,true,""
shift_log,delete,procurement,edit,false,403,true,""
shift_log,delete,procurement,delete,false,403,true,""
shift_log,delete,procurement,approve,false,403,true,""
shift_log,delete,production,view,false,403,true,""
shift_log,delete,production,create,false,403,true,""
shift_log,delete,production,edit,false,403,true,""
shift_log,delete,production,delete,false,403,true,""
shift_log,delete,shift_log,view,false,403,true,""
shift_log,delete,shift_log,create,false,403,true,""
shift_log,delete,shift_log,delete,true,404,true,""
shift_log,delete,sales,view,false,403,true,""
shift_log,delete,sales,create,false,403,true,""
shift_log,delete,sales,edit,false,403,true,""
shift_log,delete,sales,delete,false,403,true,""
shift_log,delete,sales,approve,false,403,true,""
shift_log,delete,sales,export,false,403,true,""
shift_log,delete,parties,view,false,403,true,""
shift_log,delete,parties,create,false,403,true,""
shift_log,delete,parties,edit,false,403,true,""
shift_log,delete,parties,delete,false,403,true,""
shift_log,delete,expenses,view,false,403,true,""
shift_log,delete,expenses,create,false,403,true,""
shift_log,delete,expenses,edit,false,403,true,""
shift_log,delete,expenses,delete,false,403,true,""
shift_log,delete,locations,view,false,403,true,""
shift_log,delete,locations,create,false,403,true,""
shift_log,delete,locations,edit,false,403,true,""
shift_log,delete,locations,delete,false,403,true,""
shift_log,delete,reports,view,false,403,true,""
shift_log,delete,settings,view,false,403,true,""
shift_log,delete,vendor_orders,view,false,403,true,"internal roles; only checked on vendor portal"
shift_log,delete,customer_orders,view,false,403,true,"internal roles; only checked on customer portal"
shift_log,delete,returns,view,false,403,true,""
shift_log,delete,returns,create,false,403,true,""
shift_log,delete,returns,approve,false,403,true,""
shift_log,delete,users,view,false,403,true,""
shift_log,delete,users,create,false,403,true,""
shift_log,delete,users,edit,false,403,true,""
shift_log,delete,users,delete,false,403,true,""
shift_log,delete,billing,view,false,403,true,""
shift_log,delete,billing,create,false,403,true,""
shift_log,delete,billing,edit,false,403,true,""
shift_log,delete,stock_transfers,view,false,200,false,"no permission check on GET at all"
shift_log,delete,stock_transfers,create,false,403,true,"checked against inventory:create, not stock_transfers"
sales,view,dashboard,view,false,403,true,""
sales,view,dashboard,export,false,403,true,""
sales,view,catalog,view,false,403,true,""
sales,view,catalog,create,false,403,true,""
sales,view,catalog,edit,false,403,true,""
sales,view,catalog,delete,false,403,true,""
sales,view,inventory,view,false,403,true,""
sales,view,inventory,create,false,403,true,""
sales,view,inventory,edit,false,403,true,""
sales,view,procurement,view,false,403,true,""
sales,view,procurement,create,false,403,true,""
sales,view,procurement,edit,false,403,true,""
sales,view,procurement,delete,false,403,true,""
sales,view,procurement,approve,false,403,true,""
sales,view,production,view,false,403,true,""
sales,view,production,create,false,403,true,""
sales,view,production,edit,false,403,true,""
sales,view,production,delete,false,403,true,""
sales,view,shift_log,view,false,403,true,""
sales,view,shift_log,create,false,403,true,""
sales,view,shift_log,delete,false,403,true,""
sales,view,sales,view,true,200,true,""
sales,view,sales,create,false,403,true,""
sales,view,sales,edit,false,403,true,""
sales,view,sales,delete,false,403,true,""
sales,view,sales,approve,false,403,true,""
sales,view,sales,export,false,403,true,""
sales,view,parties,view,false,403,true,""
sales,view,parties,create,false,403,true,""
sales,view,parties,edit,false,403,true,""
sales,view,parties,delete,false,403,true,""
sales,view,expenses,view,false,403,true,""
sales,view,expenses,create,false,403,true,""
sales,view,expenses,edit,false,403,true,""
sales,view,expenses,delete,false,403,true,""
sales,view,locations,view,false,403,true,""
sales,view,locations,create,false,403,true,""
sales,view,locations,edit,false,403,true,""
sales,view,locations,delete,false,403,true,""
sales,view,reports,view,false,403,true,""
sales,view,settings,view,false,403,true,""
sales,view,vendor_orders,view,false,403,true,"internal roles; only checked on vendor portal"
sales,view,customer_orders,view,false,403,true,"internal roles; only checked on customer portal"
sales,view,returns,view,false,403,true,""
sales,view,returns,create,false,403,true,""
sales,view,returns,approve,false,403,true,""
sales,view,users,view,false,403,true,""
sales,view,users,create,false,403,true,""
sales,view,users,edit,false,403,true,""
sales,view,users,delete,false,403,true,""
sales,view,billing,view,false,403,true,""
sales,view,billing,create,false,403,true,""
sales,view,billing,edit,false,403,true,""
sales,view,stock_transfers,view,false,200,false,"no permission check on GET at all"
sales,view,stock_transfers,create,false,403,true,"checked against inventory:create, not stock_transfers"
sales,create,dashboard,view,false,403,true,""
sales,create,dashboard,export,false,403,true,""
sales,create,catalog,view,false,403,true,""
sales,create,catalog,create,false,403,true,""
sales,create,catalog,edit,false,403,true,""
sales,create,catalog,delete,false,403,true,""
sales,create,inventory,view,false,403,true,""
sales,create,inventory,create,false,403,true,""
sales,create,inventory,edit,false,403,true,""
sales,create,procurement,view,false,403,true,""
sales,create,procurement,create,false,403,true,""
sales,create,procurement,edit,false,403,true,""
sales,create,procurement,delete,false,403,true,""
sales,create,procurement,approve,false,403,true,""
sales,create,production,view,false,403,true,""
sales,create,production,create,false,403,true,""
sales,create,production,edit,false,403,true,""
sales,create,production,delete,false,403,true,""
sales,create,shift_log,view,false,403,true,""
sales,create,shift_log,create,false,403,true,""
sales,create,shift_log,delete,false,403,true,""
sales,create,sales,view,false,403,true,""
sales,create,sales,create,true,400,true,""
sales,create,sales,edit,false,403,true,""
sales,create,sales,delete,false,403,true,""
sales,create,sales,approve,false,403,true,""
sales,create,sales,export,false,403,true,""
sales,create,parties,view,false,403,true,""
sales,create,parties,create,false,403,true,""
sales,create,parties,edit,false,403,true,""
sales,create,parties,delete,false,403,true,""
sales,create,expenses,view,false,403,true,""
sales,create,expenses,create,false,403,true,""
sales,create,expenses,edit,false,403,true,""
sales,create,expenses,delete,false,403,true,""
sales,create,locations,view,false,403,true,""
sales,create,locations,create,false,403,true,""
sales,create,locations,edit,false,403,true,""
sales,create,locations,delete,false,403,true,""
sales,create,reports,view,false,403,true,""
sales,create,settings,view,false,403,true,""
sales,create,vendor_orders,view,false,403,true,"internal roles; only checked on vendor portal"
sales,create,customer_orders,view,false,403,true,"internal roles; only checked on customer portal"
sales,create,returns,view,false,403,true,""
sales,create,returns,create,false,403,true,""
sales,create,returns,approve,false,403,true,""
sales,create,users,view,false,403,true,""
sales,create,users,create,false,403,true,""
sales,create,users,edit,false,403,true,""
sales,create,users,delete,false,403,true,""
sales,create,billing,view,false,403,true,""
sales,create,billing,create,false,403,true,""
sales,create,billing,edit,false,403,true,""
sales,create,stock_transfers,view,false,200,false,"no permission check on GET at all"
sales,create,stock_transfers,create,false,403,true,"checked against inventory:create, not stock_transfers"
sales,edit,dashboard,view,false,403,true,""
sales,edit,dashboard,export,false,403,true,""
sales,edit,catalog,view,false,403,true,""
sales,edit,catalog,create,false,403,true,""
sales,edit,catalog,edit,false,403,true,""
sales,edit,catalog,delete,false,403,true,""
sales,edit,inventory,view,false,403,true,""
sales,edit,inventory,create,false,403,true,""
sales,edit,inventory,edit,false,403,true,""
sales,edit,procurement,view,false,403,true,""
sales,edit,procurement,create,false,403,true,""
sales,edit,procurement,edit,false,403,true,""
sales,edit,procurement,delete,false,403,true,""
sales,edit,procurement,approve,false,403,true,""
sales,edit,production,view,false,403,true,""
sales,edit,production,create,false,403,true,""
sales,edit,production,edit,false,403,true,""
sales,edit,production,delete,false,403,true,""
sales,edit,shift_log,view,false,403,true,""
sales,edit,shift_log,create,false,403,true,""
sales,edit,shift_log,delete,false,403,true,""
sales,edit,sales,view,false,403,true,""
sales,edit,sales,create,false,403,true,""
sales,edit,sales,edit,true,404,true,""
sales,edit,sales,delete,false,403,true,""
sales,edit,sales,approve,false,403,true,""
sales,edit,sales,export,false,403,true,""
sales,edit,parties,view,false,403,true,""
sales,edit,parties,create,false,403,true,""
sales,edit,parties,edit,false,403,true,""
sales,edit,parties,delete,false,403,true,""
sales,edit,expenses,view,false,403,true,""
sales,edit,expenses,create,false,403,true,""
sales,edit,expenses,edit,false,403,true,""
sales,edit,expenses,delete,false,403,true,""
sales,edit,locations,view,false,403,true,""
sales,edit,locations,create,false,403,true,""
sales,edit,locations,edit,false,403,true,""
sales,edit,locations,delete,false,403,true,""
sales,edit,reports,view,false,403,true,""
sales,edit,settings,view,false,403,true,""
sales,edit,vendor_orders,view,false,403,true,"internal roles; only checked on vendor portal"
sales,edit,customer_orders,view,false,403,true,"internal roles; only checked on customer portal"
sales,edit,returns,view,false,403,true,""
sales,edit,returns,create,false,403,true,""
sales,edit,returns,approve,false,403,true,""
sales,edit,users,view,false,403,true,""
sales,edit,users,create,false,403,true,""
sales,edit,users,edit,false,403,true,""
sales,edit,users,delete,false,403,true,""
sales,edit,billing,view,false,403,true,""
sales,edit,billing,create,false,403,true,""
sales,edit,billing,edit,false,403,true,""
sales,edit,stock_transfers,view,false,200,false,"no permission check on GET at all"
sales,edit,stock_transfers,create,false,403,true,"checked against inventory:create, not stock_transfers"
sales,delete,dashboard,view,false,403,true,""
sales,delete,dashboard,export,false,403,true,""
sales,delete,catalog,view,false,403,true,""
sales,delete,catalog,create,false,403,true,""
sales,delete,catalog,edit,false,403,true,""
sales,delete,catalog,delete,false,403,true,""
sales,delete,inventory,view,false,403,true,""
sales,delete,inventory,create,false,403,true,""
sales,delete,inventory,edit,false,403,true,""
sales,delete,procurement,view,false,403,true,""
sales,delete,procurement,create,false,403,true,""
sales,delete,procurement,edit,false,403,true,""
sales,delete,procurement,delete,false,403,true,""
sales,delete,procurement,approve,false,403,true,""
sales,delete,production,view,false,403,true,""
sales,delete,production,create,false,403,true,""
sales,delete,production,edit,false,403,true,""
sales,delete,production,delete,false,403,true,""
sales,delete,shift_log,view,false,403,true,""
sales,delete,shift_log,create,false,403,true,""
sales,delete,shift_log,delete,false,403,true,""
sales,delete,sales,view,false,403,true,""
sales,delete,sales,create,false,403,true,""
sales,delete,sales,edit,false,403,true,""
sales,delete,sales,delete,true,404,true,""
sales,delete,sales,approve,false,403,true,""
sales,delete,sales,export,false,403,true,""
sales,delete,parties,view,false,403,true,""
sales,delete,parties,create,false,403,true,""
sales,delete,parties,edit,false,403,true,""
sales,delete,parties,delete,false,403,true,""
sales,delete,expenses,view,false,403,true,""
sales,delete,expenses,create,false,403,true,""
sales,delete,expenses,edit,false,403,true,""
sales,delete,expenses,delete,false,403,true,""
sales,delete,locations,view,false,403,true,""
sales,delete,locations,create,false,403,true,""
sales,delete,locations,edit,false,403,true,""
sales,delete,locations,delete,false,403,true,""
sales,delete,reports,view,false,403,true,""
sales,delete,settings,view,false,403,true,""
sales,delete,vendor_orders,view,false,403,true,"internal roles; only checked on vendor portal"
sales,delete,customer_orders,view,false,403,true,"internal roles; only checked on customer portal"
sales,delete,returns,view,false,403,true,""
sales,delete,returns,create,false,403,true,""
sales,delete,returns,approve,false,403,true,""
sales,delete,users,view,false,403,true,""
sales,delete,users,create,false,403,true,""
sales,delete,users,edit,false,403,true,""
sales,delete,users,delete,false,403,true,""
sales,delete,billing,view,false,403,true,""
sales,delete,billing,create,false,403,true,""
sales,delete,billing,edit,false,403,true,""
sales,delete,stock_transfers,view,false,200,false,"no permission check on GET at all"
sales,delete,stock_transfers,create,false,403,true,"checked against inventory:create, not stock_transfers"
sales,approve,dashboard,view,false,403,true,""
sales,approve,dashboard,export,false,403,true,""
sales,approve,catalog,view,false,403,true,""
sales,approve,catalog,create,false,403,true,""
sales,approve,catalog,edit,false,403,true,""
sales,approve,catalog,delete,false,403,true,""
sales,approve,inventory,view,false,403,true,""
sales,approve,inventory,create,false,403,true,""
sales,approve,inventory,edit,false,403,true,""
sales,approve,procurement,view,false,403,true,""
sales,approve,procurement,create,false,403,true,""
sales,approve,procurement,edit,false,403,true,""
sales,approve,procurement,delete,false,403,true,""
sales,approve,procurement,approve,false,403,true,""
sales,approve,production,view,false,403,true,""
sales,approve,production,create,false,403,true,""
sales,approve,production,edit,false,403,true,""
sales,approve,production,delete,false,403,true,""
sales,approve,shift_log,view,false,403,true,""
sales,approve,shift_log,create,false,403,true,""
sales,approve,shift_log,delete,false,403,true,""
sales,approve,sales,view,false,403,true,""
sales,approve,sales,create,false,403,true,""
sales,approve,sales,edit,false,403,true,""
sales,approve,sales,delete,false,403,true,""
sales,approve,sales,approve,true,404,true,""
sales,approve,sales,export,false,403,true,""
sales,approve,parties,view,false,403,true,""
sales,approve,parties,create,false,403,true,""
sales,approve,parties,edit,false,403,true,""
sales,approve,parties,delete,false,403,true,""
sales,approve,expenses,view,false,403,true,""
sales,approve,expenses,create,false,403,true,""
sales,approve,expenses,edit,false,403,true,""
sales,approve,expenses,delete,false,403,true,""
sales,approve,locations,view,false,403,true,""
sales,approve,locations,create,false,403,true,""
sales,approve,locations,edit,false,403,true,""
sales,approve,locations,delete,false,403,true,""
sales,approve,reports,view,false,403,true,""
sales,approve,settings,view,false,403,true,""
sales,approve,vendor_orders,view,false,403,true,"internal roles; only checked on vendor portal"
sales,approve,customer_orders,view,false,403,true,"internal roles; only checked on customer portal"
sales,approve,returns,view,false,403,true,""
sales,approve,returns,create,false,403,true,""
sales,approve,returns,approve,false,403,true,""
sales,approve,users,view,false,403,true,""
sales,approve,users,create,false,403,true,""
sales,approve,users,edit,false,403,true,""
sales,approve,users,delete,false,403,true,""
sales,approve,billing,view,false,403,true,""
sales,approve,billing,create,false,403,true,""
sales,approve,billing,edit,false,403,true,""
sales,approve,stock_transfers,view,false,200,false,"no permission check on GET at all"
sales,approve,stock_transfers,create,false,403,true,"checked against inventory:create, not stock_transfers"
sales,export,dashboard,view,false,403,true,""
sales,export,dashboard,export,false,403,true,""
sales,export,catalog,view,false,403,true,""
sales,export,catalog,create,false,403,true,""
sales,export,catalog,edit,false,403,true,""
sales,export,catalog,delete,false,403,true,""
sales,export,inventory,view,false,403,true,""
sales,export,inventory,create,false,403,true,""
sales,export,inventory,edit,false,403,true,""
sales,export,procurement,view,false,403,true,""
sales,export,procurement,create,false,403,true,""
sales,export,procurement,edit,false,403,true,""
sales,export,procurement,delete,false,403,true,""
sales,export,procurement,approve,false,403,true,""
sales,export,production,view,false,403,true,""
sales,export,production,create,false,403,true,""
sales,export,production,edit,false,403,true,""
sales,export,production,delete,false,403,true,""
sales,export,shift_log,view,false,403,true,""
sales,export,shift_log,create,false,403,true,""
sales,export,shift_log,delete,false,403,true,""
sales,export,sales,view,false,403,true,""
sales,export,sales,create,false,403,true,""
sales,export,sales,edit,false,403,true,""
sales,export,sales,delete,false,403,true,""
sales,export,sales,approve,false,403,true,""
sales,export,sales,export,true,404,true,""
sales,export,parties,view,false,403,true,""
sales,export,parties,create,false,403,true,""
sales,export,parties,edit,false,403,true,""
sales,export,parties,delete,false,403,true,""
sales,export,expenses,view,false,403,true,""
sales,export,expenses,create,false,403,true,""
sales,export,expenses,edit,false,403,true,""
sales,export,expenses,delete,false,403,true,""
sales,export,locations,view,false,403,true,""
sales,export,locations,create,false,403,true,""
sales,export,locations,edit,false,403,true,""
sales,export,locations,delete,false,403,true,""
sales,export,reports,view,false,403,true,""
sales,export,settings,view,false,403,true,""
sales,export,vendor_orders,view,false,403,true,"internal roles; only checked on vendor portal"
sales,export,customer_orders,view,false,403,true,"internal roles; only checked on customer portal"
sales,export,returns,view,false,403,true,""
sales,export,returns,create,false,403,true,""
sales,export,returns,approve,false,403,true,""
sales,export,users,view,false,403,true,""
sales,export,users,create,false,403,true,""
sales,export,users,edit,false,403,true,""
sales,export,users,delete,false,403,true,""
sales,export,billing,view,false,403,true,""
sales,export,billing,create,false,403,true,""
sales,export,billing,edit,false,403,true,""
sales,export,stock_transfers,view,false,200,false,"no permission check on GET at all"
sales,export,stock_transfers,create,false,403,true,"checked against inventory:create, not stock_transfers"
parties,view,dashboard,view,false,403,true,""
parties,view,dashboard,export,false,403,true,""
parties,view,catalog,view,false,403,true,""
parties,view,catalog,create,false,403,true,""
parties,view,catalog,edit,false,403,true,""
parties,view,catalog,delete,false,403,true,""
parties,view,inventory,view,false,403,true,""
parties,view,inventory,create,false,403,true,""
parties,view,inventory,edit,false,403,true,""
parties,view,procurement,view,false,403,true,""
parties,view,procurement,create,false,403,true,""
parties,view,procurement,edit,false,403,true,""
parties,view,procurement,delete,false,403,true,""
parties,view,procurement,approve,false,403,true,""
parties,view,production,view,false,403,true,""
parties,view,production,create,false,403,true,""
parties,view,production,edit,false,403,true,""
parties,view,production,delete,false,403,true,""
parties,view,shift_log,view,false,403,true,""
parties,view,shift_log,create,false,403,true,""
parties,view,shift_log,delete,false,403,true,""
parties,view,sales,view,false,403,true,""
parties,view,sales,create,false,403,true,""
parties,view,sales,edit,false,403,true,""
parties,view,sales,delete,false,403,true,""
parties,view,sales,approve,false,403,true,""
parties,view,sales,export,false,403,true,""
parties,view,parties,view,true,200,true,""
parties,view,parties,create,false,403,true,""
parties,view,parties,edit,false,403,true,""
parties,view,parties,delete,false,403,true,""
parties,view,expenses,view,false,403,true,""
parties,view,expenses,create,false,403,true,""
parties,view,expenses,edit,false,403,true,""
parties,view,expenses,delete,false,403,true,""
parties,view,locations,view,false,403,true,""
parties,view,locations,create,false,403,true,""
parties,view,locations,edit,false,403,true,""
parties,view,locations,delete,false,403,true,""
parties,view,reports,view,false,403,true,""
parties,view,settings,view,false,403,true,""
parties,view,vendor_orders,view,false,200,false,"internal roles; only checked on vendor portal"
parties,view,customer_orders,view,false,200,false,"internal roles; only checked on customer portal"
parties,view,returns,view,false,403,true,""
parties,view,returns,create,false,403,true,""
parties,view,returns,approve,false,403,true,""
parties,view,users,view,false,403,true,""
parties,view,users,create,false,403,true,""
parties,view,users,edit,false,403,true,""
parties,view,users,delete,false,403,true,""
parties,view,billing,view,false,403,true,""
parties,view,billing,create,false,403,true,""
parties,view,billing,edit,false,403,true,""
parties,view,stock_transfers,view,false,200,false,"no permission check on GET at all"
parties,view,stock_transfers,create,false,403,true,"checked against inventory:create, not stock_transfers"
parties,create,dashboard,view,false,403,true,""
parties,create,dashboard,export,false,403,true,""
parties,create,catalog,view,false,403,true,""
parties,create,catalog,create,false,403,true,""
parties,create,catalog,edit,false,403,true,""
parties,create,catalog,delete,false,403,true,""
parties,create,inventory,view,false,403,true,""
parties,create,inventory,create,false,403,true,""
parties,create,inventory,edit,false,403,true,""
parties,create,procurement,view,false,403,true,""
parties,create,procurement,create,false,403,true,""
parties,create,procurement,edit,false,403,true,""
parties,create,procurement,delete,false,403,true,""
parties,create,procurement,approve,false,403,true,""
parties,create,production,view,false,403,true,""
parties,create,production,create,false,403,true,""
parties,create,production,edit,false,403,true,""
parties,create,production,delete,false,403,true,""
parties,create,shift_log,view,false,403,true,""
parties,create,shift_log,create,false,403,true,""
parties,create,shift_log,delete,false,403,true,""
parties,create,sales,view,false,403,true,""
parties,create,sales,create,false,403,true,""
parties,create,sales,edit,false,403,true,""
parties,create,sales,delete,false,403,true,""
parties,create,sales,approve,false,403,true,""
parties,create,sales,export,false,403,true,""
parties,create,parties,view,false,403,true,""
parties,create,parties,create,true,500,true,""
parties,create,parties,edit,false,403,true,""
parties,create,parties,delete,false,403,true,""
parties,create,expenses,view,false,403,true,""
parties,create,expenses,create,false,403,true,""
parties,create,expenses,edit,false,403,true,""
parties,create,expenses,delete,false,403,true,""
parties,create,locations,view,false,403,true,""
parties,create,locations,create,false,403,true,""
parties,create,locations,edit,false,403,true,""
parties,create,locations,delete,false,403,true,""
parties,create,reports,view,false,403,true,""
parties,create,settings,view,false,403,true,""
parties,create,vendor_orders,view,false,403,true,"internal roles; only checked on vendor portal"
parties,create,customer_orders,view,false,403,true,"internal roles; only checked on customer portal"
parties,create,returns,view,false,403,true,""
parties,create,returns,create,false,403,true,""
parties,create,returns,approve,false,403,true,""
parties,create,users,view,false,403,true,""
parties,create,users,create,false,403,true,""
parties,create,users,edit,false,403,true,""
parties,create,users,delete,false,403,true,""
parties,create,billing,view,false,403,true,""
parties,create,billing,create,false,403,true,""
parties,create,billing,edit,false,403,true,""
parties,create,stock_transfers,view,false,200,false,"no permission check on GET at all"
parties,create,stock_transfers,create,false,403,true,"checked against inventory:create, not stock_transfers"
parties,edit,dashboard,view,false,403,true,""
parties,edit,dashboard,export,false,403,true,""
parties,edit,catalog,view,false,403,true,""
parties,edit,catalog,create,false,403,true,""
parties,edit,catalog,edit,false,403,true,""
parties,edit,catalog,delete,false,403,true,""
parties,edit,inventory,view,false,403,true,""
parties,edit,inventory,create,false,403,true,""
parties,edit,inventory,edit,false,403,true,""
parties,edit,procurement,view,false,403,true,""
parties,edit,procurement,create,false,403,true,""
parties,edit,procurement,edit,false,403,true,""
parties,edit,procurement,delete,false,403,true,""
parties,edit,procurement,approve,false,403,true,""
parties,edit,production,view,false,403,true,""
parties,edit,production,create,false,403,true,""
parties,edit,production,edit,false,403,true,""
parties,edit,production,delete,false,403,true,""
parties,edit,shift_log,view,false,403,true,""
parties,edit,shift_log,create,false,403,true,""
parties,edit,shift_log,delete,false,403,true,""
parties,edit,sales,view,false,403,true,""
parties,edit,sales,create,false,403,true,""
parties,edit,sales,edit,false,403,true,""
parties,edit,sales,delete,false,403,true,""
parties,edit,sales,approve,false,403,true,""
parties,edit,sales,export,false,403,true,""
parties,edit,parties,view,false,403,true,""
parties,edit,parties,create,false,403,true,""
parties,edit,parties,edit,true,404,true,""
parties,edit,parties,delete,false,403,true,""
parties,edit,expenses,view,false,403,true,""
parties,edit,expenses,create,false,403,true,""
parties,edit,expenses,edit,false,403,true,""
parties,edit,expenses,delete,false,403,true,""
parties,edit,locations,view,false,403,true,""
parties,edit,locations,create,false,403,true,""
parties,edit,locations,edit,false,403,true,""
parties,edit,locations,delete,false,403,true,""
parties,edit,reports,view,false,403,true,""
parties,edit,settings,view,false,403,true,""
parties,edit,vendor_orders,view,false,403,true,"internal roles; only checked on vendor portal"
parties,edit,customer_orders,view,false,403,true,"internal roles; only checked on customer portal"
parties,edit,returns,view,false,403,true,""
parties,edit,returns,create,false,403,true,""
parties,edit,returns,approve,false,403,true,""
parties,edit,users,view,false,403,true,""
parties,edit,users,create,false,403,true,""
parties,edit,users,edit,false,403,true,""
parties,edit,users,delete,false,403,true,""
parties,edit,billing,view,false,403,true,""
parties,edit,billing,create,false,403,true,""
parties,edit,billing,edit,false,403,true,""
parties,edit,stock_transfers,view,false,200,false,"no permission check on GET at all"
parties,edit,stock_transfers,create,false,403,true,"checked against inventory:create, not stock_transfers"
parties,delete,dashboard,view,false,403,true,""
parties,delete,dashboard,export,false,403,true,""
parties,delete,catalog,view,false,403,true,""
parties,delete,catalog,create,false,403,true,""
parties,delete,catalog,edit,false,403,true,""
parties,delete,catalog,delete,false,403,true,""
parties,delete,inventory,view,false,403,true,""
parties,delete,inventory,create,false,403,true,""
parties,delete,inventory,edit,false,403,true,""
parties,delete,procurement,view,false,403,true,""
parties,delete,procurement,create,false,403,true,""
parties,delete,procurement,edit,false,403,true,""
parties,delete,procurement,delete,false,403,true,""
parties,delete,procurement,approve,false,403,true,""
parties,delete,production,view,false,403,true,""
parties,delete,production,create,false,403,true,""
parties,delete,production,edit,false,403,true,""
parties,delete,production,delete,false,403,true,""
parties,delete,shift_log,view,false,403,true,""
parties,delete,shift_log,create,false,403,true,""
parties,delete,shift_log,delete,false,403,true,""
parties,delete,sales,view,false,403,true,""
parties,delete,sales,create,false,403,true,""
parties,delete,sales,edit,false,403,true,""
parties,delete,sales,delete,false,403,true,""
parties,delete,sales,approve,false,403,true,""
parties,delete,sales,export,false,403,true,""
parties,delete,parties,view,false,403,true,""
parties,delete,parties,create,false,403,true,""
parties,delete,parties,edit,false,403,true,""
parties,delete,parties,delete,true,404,true,""
parties,delete,expenses,view,false,403,true,""
parties,delete,expenses,create,false,403,true,""
parties,delete,expenses,edit,false,403,true,""
parties,delete,expenses,delete,false,403,true,""
parties,delete,locations,view,false,403,true,""
parties,delete,locations,create,false,403,true,""
parties,delete,locations,edit,false,403,true,""
parties,delete,locations,delete,false,403,true,""
parties,delete,reports,view,false,403,true,""
parties,delete,settings,view,false,403,true,""
parties,delete,vendor_orders,view,false,403,true,"internal roles; only checked on vendor portal"
parties,delete,customer_orders,view,false,403,true,"internal roles; only checked on customer portal"
parties,delete,returns,view,false,403,true,""
parties,delete,returns,create,false,403,true,""
parties,delete,returns,approve,false,403,true,""
parties,delete,users,view,false,403,true,""
parties,delete,users,create,false,403,true,""
parties,delete,users,edit,false,403,true,""
parties,delete,users,delete,false,403,true,""
parties,delete,billing,view,false,403,true,""
parties,delete,billing,create,false,403,true,""
parties,delete,billing,edit,false,403,true,""
parties,delete,stock_transfers,view,false,200,false,"no permission check on GET at all"
parties,delete,stock_transfers,create,false,403,true,"checked against inventory:create, not stock_transfers"
expenses,view,dashboard,view,false,403,true,""
expenses,view,dashboard,export,false,403,true,""
expenses,view,catalog,view,false,403,true,""
expenses,view,catalog,create,false,403,true,""
expenses,view,catalog,edit,false,403,true,""
expenses,view,catalog,delete,false,403,true,""
expenses,view,inventory,view,false,403,true,""
expenses,view,inventory,create,false,403,true,""
expenses,view,inventory,edit,false,403,true,""
expenses,view,procurement,view,false,403,true,""
expenses,view,procurement,create,false,403,true,""
expenses,view,procurement,edit,false,403,true,""
expenses,view,procurement,delete,false,403,true,""
expenses,view,procurement,approve,false,403,true,""
expenses,view,production,view,false,403,true,""
expenses,view,production,create,false,403,true,""
expenses,view,production,edit,false,403,true,""
expenses,view,production,delete,false,403,true,""
expenses,view,shift_log,view,false,403,true,""
expenses,view,shift_log,create,false,403,true,""
expenses,view,shift_log,delete,false,403,true,""
expenses,view,sales,view,false,403,true,""
expenses,view,sales,create,false,403,true,""
expenses,view,sales,edit,false,403,true,""
expenses,view,sales,delete,false,403,true,""
expenses,view,sales,approve,false,403,true,""
expenses,view,sales,export,false,403,true,""
expenses,view,parties,view,false,403,true,""
expenses,view,parties,create,false,403,true,""
expenses,view,parties,edit,false,403,true,""
expenses,view,parties,delete,false,403,true,""
expenses,view,expenses,view,true,200,true,""
expenses,view,expenses,create,false,403,true,""
expenses,view,expenses,edit,false,403,true,""
expenses,view,expenses,delete,false,403,true,""
expenses,view,locations,view,false,403,true,""
expenses,view,locations,create,false,403,true,""
expenses,view,locations,edit,false,403,true,""
expenses,view,locations,delete,false,403,true,""
expenses,view,reports,view,false,403,true,""
expenses,view,settings,view,false,403,true,""
expenses,view,vendor_orders,view,false,403,true,"internal roles; only checked on vendor portal"
expenses,view,customer_orders,view,false,403,true,"internal roles; only checked on customer portal"
expenses,view,returns,view,false,403,true,""
expenses,view,returns,create,false,403,true,""
expenses,view,returns,approve,false,403,true,""
expenses,view,users,view,false,403,true,""
expenses,view,users,create,false,403,true,""
expenses,view,users,edit,false,403,true,""
expenses,view,users,delete,false,403,true,""
expenses,view,billing,view,false,403,true,""
expenses,view,billing,create,false,403,true,""
expenses,view,billing,edit,false,403,true,""
expenses,view,stock_transfers,view,false,200,false,"no permission check on GET at all"
expenses,view,stock_transfers,create,false,403,true,"checked against inventory:create, not stock_transfers"
expenses,create,dashboard,view,false,403,true,""
expenses,create,dashboard,export,false,403,true,""
expenses,create,catalog,view,false,403,true,""
expenses,create,catalog,create,false,403,true,""
expenses,create,catalog,edit,false,403,true,""
expenses,create,catalog,delete,false,403,true,""
expenses,create,inventory,view,false,403,true,""
expenses,create,inventory,create,false,403,true,""
expenses,create,inventory,edit,false,403,true,""
expenses,create,procurement,view,false,403,true,""
expenses,create,procurement,create,false,403,true,""
expenses,create,procurement,edit,false,403,true,""
expenses,create,procurement,delete,false,403,true,""
expenses,create,procurement,approve,false,403,true,""
expenses,create,production,view,false,403,true,""
expenses,create,production,create,false,403,true,""
expenses,create,production,edit,false,403,true,""
expenses,create,production,delete,false,403,true,""
expenses,create,shift_log,view,false,403,true,""
expenses,create,shift_log,create,false,403,true,""
expenses,create,shift_log,delete,false,403,true,""
expenses,create,sales,view,false,403,true,""
expenses,create,sales,create,false,403,true,""
expenses,create,sales,edit,false,403,true,""
expenses,create,sales,delete,false,403,true,""
expenses,create,sales,approve,false,403,true,""
expenses,create,sales,export,false,403,true,""
expenses,create,parties,view,false,403,true,""
expenses,create,parties,create,false,403,true,""
expenses,create,parties,edit,false,403,true,""
expenses,create,parties,delete,false,403,true,""
expenses,create,expenses,view,false,403,true,""
expenses,create,expenses,create,true,400,true,""
expenses,create,expenses,edit,false,403,true,""
expenses,create,expenses,delete,false,403,true,""
expenses,create,locations,view,false,403,true,""
expenses,create,locations,create,false,403,true,""
expenses,create,locations,edit,false,403,true,""
expenses,create,locations,delete,false,403,true,""
expenses,create,reports,view,false,403,true,""
expenses,create,settings,view,false,403,true,""
expenses,create,vendor_orders,view,false,403,true,"internal roles; only checked on vendor portal"
expenses,create,customer_orders,view,false,403,true,"internal roles; only checked on customer portal"
expenses,create,returns,view,false,403,true,""
expenses,create,returns,create,false,403,true,""
expenses,create,returns,approve,false,403,true,""
expenses,create,users,view,false,403,true,""
expenses,create,users,create,false,403,true,""
expenses,create,users,edit,false,403,true,""
expenses,create,users,delete,false,403,true,""
expenses,create,billing,view,false,403,true,""
expenses,create,billing,create,false,403,true,""
expenses,create,billing,edit,false,403,true,""
expenses,create,stock_transfers,view,false,200,false,"no permission check on GET at all"
expenses,create,stock_transfers,create,false,403,true,"checked against inventory:create, not stock_transfers"
expenses,edit,dashboard,view,false,403,true,""
expenses,edit,dashboard,export,false,403,true,""
expenses,edit,catalog,view,false,403,true,""
expenses,edit,catalog,create,false,403,true,""
expenses,edit,catalog,edit,false,403,true,""
expenses,edit,catalog,delete,false,403,true,""
expenses,edit,inventory,view,false,403,true,""
expenses,edit,inventory,create,false,403,true,""
expenses,edit,inventory,edit,false,403,true,""
expenses,edit,procurement,view,false,403,true,""
expenses,edit,procurement,create,false,403,true,""
expenses,edit,procurement,edit,false,403,true,""
expenses,edit,procurement,delete,false,403,true,""
expenses,edit,procurement,approve,false,403,true,""
expenses,edit,production,view,false,403,true,""
expenses,edit,production,create,false,403,true,""
expenses,edit,production,edit,false,403,true,""
expenses,edit,production,delete,false,403,true,""
expenses,edit,shift_log,view,false,403,true,""
expenses,edit,shift_log,create,false,403,true,""
expenses,edit,shift_log,delete,false,403,true,""
expenses,edit,sales,view,false,403,true,""
expenses,edit,sales,create,false,403,true,""
expenses,edit,sales,edit,false,403,true,""
expenses,edit,sales,delete,false,403,true,""
expenses,edit,sales,approve,false,403,true,""
expenses,edit,sales,export,false,403,true,""
expenses,edit,parties,view,false,403,true,""
expenses,edit,parties,create,false,403,true,""
expenses,edit,parties,edit,false,403,true,""
expenses,edit,parties,delete,false,403,true,""
expenses,edit,expenses,view,false,403,true,""
expenses,edit,expenses,create,false,403,true,""
expenses,edit,expenses,edit,true,404,true,""
expenses,edit,expenses,delete,false,403,true,""
expenses,edit,locations,view,false,403,true,""
expenses,edit,locations,create,false,403,true,""
expenses,edit,locations,edit,false,403,true,""
expenses,edit,locations,delete,false,403,true,""
expenses,edit,reports,view,false,403,true,""
expenses,edit,settings,view,false,403,true,""
expenses,edit,vendor_orders,view,false,403,true,"internal roles; only checked on vendor portal"
expenses,edit,customer_orders,view,false,403,true,"internal roles; only checked on customer portal"
expenses,edit,returns,view,false,403,true,""
expenses,edit,returns,create,false,403,true,""
expenses,edit,returns,approve,false,403,true,""
expenses,edit,users,view,false,403,true,""
expenses,edit,users,create,false,403,true,""
expenses,edit,users,edit,false,403,true,""
expenses,edit,users,delete,false,403,true,""
expenses,edit,billing,view,false,403,true,""
expenses,edit,billing,create,false,403,true,""
expenses,edit,billing,edit,false,403,true,""
expenses,edit,stock_transfers,view,false,200,false,"no permission check on GET at all"
expenses,edit,stock_transfers,create,false,403,true,"checked against inventory:create, not stock_transfers"
expenses,delete,dashboard,view,false,403,true,""
expenses,delete,dashboard,export,false,403,true,""
expenses,delete,catalog,view,false,403,true,""
expenses,delete,catalog,create,false,403,true,""
expenses,delete,catalog,edit,false,403,true,""
expenses,delete,catalog,delete,false,403,true,""
expenses,delete,inventory,view,false,403,true,""
expenses,delete,inventory,create,false,403,true,""
expenses,delete,inventory,edit,false,403,true,""
expenses,delete,procurement,view,false,403,true,""
expenses,delete,procurement,create,false,403,true,""
expenses,delete,procurement,edit,false,403,true,""
expenses,delete,procurement,delete,false,403,true,""
expenses,delete,procurement,approve,false,403,true,""
expenses,delete,production,view,false,403,true,""
expenses,delete,production,create,false,403,true,""
expenses,delete,production,edit,false,403,true,""
expenses,delete,production,delete,false,403,true,""
expenses,delete,shift_log,view,false,403,true,""
expenses,delete,shift_log,create,false,403,true,""
expenses,delete,shift_log,delete,false,403,true,""
expenses,delete,sales,view,false,403,true,""
expenses,delete,sales,create,false,403,true,""
expenses,delete,sales,edit,false,403,true,""
expenses,delete,sales,delete,false,403,true,""
expenses,delete,sales,approve,false,403,true,""
expenses,delete,sales,export,false,403,true,""
expenses,delete,parties,view,false,403,true,""
expenses,delete,parties,create,false,403,true,""
expenses,delete,parties,edit,false,403,true,""
expenses,delete,parties,delete,false,403,true,""
expenses,delete,expenses,view,false,403,true,""
expenses,delete,expenses,create,false,403,true,""
expenses,delete,expenses,edit,false,403,true,""
expenses,delete,expenses,delete,true,404,true,""
expenses,delete,locations,view,false,403,true,""
expenses,delete,locations,create,false,403,true,""
expenses,delete,locations,edit,false,403,true,""
expenses,delete,locations,delete,false,403,true,""
expenses,delete,reports,view,false,403,true,""
expenses,delete,settings,view,false,403,true,""
expenses,delete,vendor_orders,view,false,403,true,"internal roles; only checked on vendor portal"
expenses,delete,customer_orders,view,false,403,true,"internal roles; only checked on customer portal"
expenses,delete,returns,view,false,403,true,""
expenses,delete,returns,create,false,403,true,""
expenses,delete,returns,approve,false,403,true,""
expenses,delete,users,view,false,403,true,""
expenses,delete,users,create,false,403,true,""
expenses,delete,users,edit,false,403,true,""
expenses,delete,users,delete,false,403,true,""
expenses,delete,billing,view,false,403,true,""
expenses,delete,billing,create,false,403,true,""
expenses,delete,billing,edit,false,403,true,""
expenses,delete,stock_transfers,view,false,200,false,"no permission check on GET at all"
expenses,delete,stock_transfers,create,false,403,true,"checked against inventory:create, not stock_transfers"
locations,view,dashboard,view,false,403,true,""
locations,view,dashboard,export,false,403,true,""
locations,view,catalog,view,false,403,true,""
locations,view,catalog,create,false,403,true,""
locations,view,catalog,edit,false,403,true,""
locations,view,catalog,delete,false,403,true,""
locations,view,inventory,view,false,403,true,""
locations,view,inventory,create,false,403,true,""
locations,view,inventory,edit,false,403,true,""
locations,view,procurement,view,false,403,true,""
locations,view,procurement,create,false,403,true,""
locations,view,procurement,edit,false,403,true,""
locations,view,procurement,delete,false,403,true,""
locations,view,procurement,approve,false,403,true,""
locations,view,production,view,false,403,true,""
locations,view,production,create,false,403,true,""
locations,view,production,edit,false,403,true,""
locations,view,production,delete,false,403,true,""
locations,view,shift_log,view,false,403,true,""
locations,view,shift_log,create,false,403,true,""
locations,view,shift_log,delete,false,403,true,""
locations,view,sales,view,false,403,true,""
locations,view,sales,create,false,403,true,""
locations,view,sales,edit,false,403,true,""
locations,view,sales,delete,false,403,true,""
locations,view,sales,approve,false,403,true,""
locations,view,sales,export,false,403,true,""
locations,view,parties,view,false,403,true,""
locations,view,parties,create,false,403,true,""
locations,view,parties,edit,false,403,true,""
locations,view,parties,delete,false,403,true,""
locations,view,expenses,view,false,403,true,""
locations,view,expenses,create,false,403,true,""
locations,view,expenses,edit,false,403,true,""
locations,view,expenses,delete,false,403,true,""
locations,view,locations,view,true,200,true,""
locations,view,locations,create,false,403,true,""
locations,view,locations,edit,false,403,true,""
locations,view,locations,delete,false,403,true,""
locations,view,reports,view,false,403,true,""
locations,view,settings,view,false,403,true,""
locations,view,vendor_orders,view,false,403,true,"internal roles; only checked on vendor portal"
locations,view,customer_orders,view,false,403,true,"internal roles; only checked on customer portal"
locations,view,returns,view,false,403,true,""
locations,view,returns,create,false,403,true,""
locations,view,returns,approve,false,403,true,""
locations,view,users,view,false,403,true,""
locations,view,users,create,false,403,true,""
locations,view,users,edit,false,403,true,""
locations,view,users,delete,false,403,true,""
locations,view,billing,view,false,403,true,""
locations,view,billing,create,false,403,true,""
locations,view,billing,edit,false,403,true,""
locations,view,stock_transfers,view,false,200,false,"no permission check on GET at all"
locations,view,stock_transfers,create,false,403,true,"checked against inventory:create, not stock_transfers"
locations,create,dashboard,view,false,403,true,""
locations,create,dashboard,export,false,403,true,""
locations,create,catalog,view,false,403,true,""
locations,create,catalog,create,false,403,true,""
locations,create,catalog,edit,false,403,true,""
locations,create,catalog,delete,false,403,true,""
locations,create,inventory,view,false,403,true,""
locations,create,inventory,create,false,403,true,""
locations,create,inventory,edit,false,403,true,""
locations,create,procurement,view,false,403,true,""
locations,create,procurement,create,false,403,true,""
locations,create,procurement,edit,false,403,true,""
locations,create,procurement,delete,false,403,true,""
locations,create,procurement,approve,false,403,true,""
locations,create,production,view,false,403,true,""
locations,create,production,create,false,403,true,""
locations,create,production,edit,false,403,true,""
locations,create,production,delete,false,403,true,""
locations,create,shift_log,view,false,403,true,""
locations,create,shift_log,create,false,403,true,""
locations,create,shift_log,delete,false,403,true,""
locations,create,sales,view,false,403,true,""
locations,create,sales,create,false,403,true,""
locations,create,sales,edit,false,403,true,""
locations,create,sales,delete,false,403,true,""
locations,create,sales,approve,false,403,true,""
locations,create,sales,export,false,403,true,""
locations,create,parties,view,false,403,true,""
locations,create,parties,create,false,403,true,""
locations,create,parties,edit,false,403,true,""
locations,create,parties,delete,false,403,true,""
locations,create,expenses,view,false,403,true,""
locations,create,expenses,create,false,403,true,""
locations,create,expenses,edit,false,403,true,""
locations,create,expenses,delete,false,403,true,""
locations,create,locations,view,false,403,true,""
locations,create,locations,create,true,400,true,""
locations,create,locations,edit,false,403,true,""
locations,create,locations,delete,false,403,true,""
locations,create,reports,view,false,403,true,""
locations,create,settings,view,false,403,true,""
locations,create,vendor_orders,view,false,403,true,"internal roles; only checked on vendor portal"
locations,create,customer_orders,view,false,403,true,"internal roles; only checked on customer portal"
locations,create,returns,view,false,403,true,""
locations,create,returns,create,false,403,true,""
locations,create,returns,approve,false,403,true,""
locations,create,users,view,false,403,true,""
locations,create,users,create,false,403,true,""
locations,create,users,edit,false,403,true,""
locations,create,users,delete,false,403,true,""
locations,create,billing,view,false,403,true,""
locations,create,billing,create,false,403,true,""
locations,create,billing,edit,false,403,true,""
locations,create,stock_transfers,view,false,200,false,"no permission check on GET at all"
locations,create,stock_transfers,create,false,403,true,"checked against inventory:create, not stock_transfers"
locations,edit,dashboard,view,false,403,true,""
locations,edit,dashboard,export,false,403,true,""
locations,edit,catalog,view,false,403,true,""
locations,edit,catalog,create,false,403,true,""
locations,edit,catalog,edit,false,403,true,""
locations,edit,catalog,delete,false,403,true,""
locations,edit,inventory,view,false,403,true,""
locations,edit,inventory,create,false,403,true,""
locations,edit,inventory,edit,false,403,true,""
locations,edit,procurement,view,false,403,true,""
locations,edit,procurement,create,false,403,true,""
locations,edit,procurement,edit,false,403,true,""
locations,edit,procurement,delete,false,403,true,""
locations,edit,procurement,approve,false,403,true,""
locations,edit,production,view,false,403,true,""
locations,edit,production,create,false,403,true,""
locations,edit,production,edit,false,403,true,""
locations,edit,production,delete,false,403,true,""
locations,edit,shift_log,view,false,403,true,""
locations,edit,shift_log,create,false,403,true,""
locations,edit,shift_log,delete,false,403,true,""
locations,edit,sales,view,false,403,true,""
locations,edit,sales,create,false,403,true,""
locations,edit,sales,edit,false,403,true,""
locations,edit,sales,delete,false,403,true,""
locations,edit,sales,approve,false,403,true,""
locations,edit,sales,export,false,403,true,""
locations,edit,parties,view,false,403,true,""
locations,edit,parties,create,false,403,true,""
locations,edit,parties,edit,false,403,true,""
locations,edit,parties,delete,false,403,true,""
locations,edit,expenses,view,false,403,true,""
locations,edit,expenses,create,false,403,true,""
locations,edit,expenses,edit,false,403,true,""
locations,edit,expenses,delete,false,403,true,""
locations,edit,locations,view,false,403,true,""
locations,edit,locations,create,false,403,true,""
locations,edit,locations,edit,true,404,true,""
locations,edit,locations,delete,false,403,true,""
locations,edit,reports,view,false,403,true,""
locations,edit,settings,view,false,403,true,""
locations,edit,vendor_orders,view,false,403,true,"internal roles; only checked on vendor portal"
locations,edit,customer_orders,view,false,403,true,"internal roles; only checked on customer portal"
locations,edit,returns,view,false,403,true,""
locations,edit,returns,create,false,403,true,""
locations,edit,returns,approve,false,403,true,""
locations,edit,users,view,false,403,true,""
locations,edit,users,create,false,403,true,""
locations,edit,users,edit,false,403,true,""
locations,edit,users,delete,false,403,true,""
locations,edit,billing,view,false,403,true,""
locations,edit,billing,create,false,403,true,""
locations,edit,billing,edit,false,403,true,""
locations,edit,stock_transfers,view,false,200,false,"no permission check on GET at all"
locations,edit,stock_transfers,create,false,403,true,"checked against inventory:create, not stock_transfers"
locations,delete,dashboard,view,false,403,true,""
locations,delete,dashboard,export,false,403,true,""
locations,delete,catalog,view,false,403,true,""
locations,delete,catalog,create,false,403,true,""
locations,delete,catalog,edit,false,403,true,""
locations,delete,catalog,delete,false,403,true,""
locations,delete,inventory,view,false,403,true,""
locations,delete,inventory,create,false,403,true,""
locations,delete,inventory,edit,false,403,true,""
locations,delete,procurement,view,false,403,true,""
locations,delete,procurement,create,false,403,true,""
locations,delete,procurement,edit,false,403,true,""
locations,delete,procurement,delete,false,403,true,""
locations,delete,procurement,approve,false,403,true,""
locations,delete,production,view,false,403,true,""
locations,delete,production,create,false,403,true,""
locations,delete,production,edit,false,403,true,""
locations,delete,production,delete,false,403,true,""
locations,delete,shift_log,view,false,403,true,""
locations,delete,shift_log,create,false,403,true,""
locations,delete,shift_log,delete,false,403,true,""
locations,delete,sales,view,false,403,true,""
locations,delete,sales,create,false,403,true,""
locations,delete,sales,edit,false,403,true,""
locations,delete,sales,delete,false,403,true,""
locations,delete,sales,approve,false,403,true,""
locations,delete,sales,export,false,403,true,""
locations,delete,parties,view,false,403,true,""
locations,delete,parties,create,false,403,true,""
locations,delete,parties,edit,false,403,true,""
locations,delete,parties,delete,false,403,true,""
locations,delete,expenses,view,false,403,true,""
locations,delete,expenses,create,false,403,true,""
locations,delete,expenses,edit,false,403,true,""
locations,delete,expenses,delete,false,403,true,""
locations,delete,locations,view,false,403,true,""
locations,delete,locations,create,false,403,true,""
locations,delete,locations,edit,false,403,true,""
locations,delete,locations,delete,true,404,true,""
locations,delete,reports,view,false,403,true,""
locations,delete,settings,view,false,403,true,""
locations,delete,vendor_orders,view,false,403,true,"internal roles; only checked on vendor portal"
locations,delete,customer_orders,view,false,403,true,"internal roles; only checked on customer portal"
locations,delete,returns,view,false,403,true,""
locations,delete,returns,create,false,403,true,""
locations,delete,returns,approve,false,403,true,""
locations,delete,users,view,false,403,true,""
locations,delete,users,create,false,403,true,""
locations,delete,users,edit,false,403,true,""
locations,delete,users,delete,false,403,true,""
locations,delete,billing,view,false,403,true,""
locations,delete,billing,create,false,403,true,""
locations,delete,billing,edit,false,403,true,""
locations,delete,stock_transfers,view,false,200,false,"no permission check on GET at all"
locations,delete,stock_transfers,create,false,403,true,"checked against inventory:create, not stock_transfers"
reports,view,dashboard,view,false,403,true,""
reports,view,dashboard,export,false,403,true,""
reports,view,catalog,view,false,403,true,""
reports,view,catalog,create,false,403,true,""
reports,view,catalog,edit,false,403,true,""
reports,view,catalog,delete,false,403,true,""
reports,view,inventory,view,false,403,true,""
reports,view,inventory,create,false,403,true,""
reports,view,inventory,edit,false,403,true,""
reports,view,procurement,view,false,403,true,""
reports,view,procurement,create,false,403,true,""
reports,view,procurement,edit,false,403,true,""
reports,view,procurement,delete,false,403,true,""
reports,view,procurement,approve,false,403,true,""
reports,view,production,view,false,403,true,""
reports,view,production,create,false,403,true,""
reports,view,production,edit,false,403,true,""
reports,view,production,delete,false,403,true,""
reports,view,shift_log,view,false,403,true,""
reports,view,shift_log,create,false,403,true,""
reports,view,shift_log,delete,false,403,true,""
reports,view,sales,view,false,403,true,""
reports,view,sales,create,false,403,true,""
reports,view,sales,edit,false,403,true,""
reports,view,sales,delete,false,403,true,""
reports,view,sales,approve,false,403,true,""
reports,view,sales,export,false,403,true,""
reports,view,parties,view,false,403,true,""
reports,view,parties,create,false,403,true,""
reports,view,parties,edit,false,403,true,""
reports,view,parties,delete,false,403,true,""
reports,view,expenses,view,false,403,true,""
reports,view,expenses,create,false,403,true,""
reports,view,expenses,edit,false,403,true,""
reports,view,expenses,delete,false,403,true,""
reports,view,locations,view,false,403,true,""
reports,view,locations,create,false,403,true,""
reports,view,locations,edit,false,403,true,""
reports,view,locations,delete,false,403,true,""
reports,view,reports,view,true,200,true,""
reports,view,settings,view,false,403,true,""
reports,view,vendor_orders,view,false,403,true,"internal roles; only checked on vendor portal"
reports,view,customer_orders,view,false,403,true,"internal roles; only checked on customer portal"
reports,view,returns,view,false,403,true,""
reports,view,returns,create,false,403,true,""
reports,view,returns,approve,false,403,true,""
reports,view,users,view,false,403,true,""
reports,view,users,create,false,403,true,""
reports,view,users,edit,false,403,true,""
reports,view,users,delete,false,403,true,""
reports,view,billing,view,false,403,true,""
reports,view,billing,create,false,403,true,""
reports,view,billing,edit,false,403,true,""
reports,view,stock_transfers,view,false,200,false,"no permission check on GET at all"
reports,view,stock_transfers,create,false,403,true,"checked against inventory:create, not stock_transfers"
settings,view,dashboard,view,false,403,true,""
settings,view,dashboard,export,false,403,true,""
settings,view,catalog,view,false,403,true,""
settings,view,catalog,create,false,403,true,""
settings,view,catalog,edit,false,403,true,""
settings,view,catalog,delete,false,403,true,""
settings,view,inventory,view,false,403,true,""
settings,view,inventory,create,false,403,true,""
settings,view,inventory,edit,false,403,true,""
settings,view,procurement,view,false,403,true,""
settings,view,procurement,create,false,403,true,""
settings,view,procurement,edit,false,403,true,""
settings,view,procurement,delete,false,403,true,""
settings,view,procurement,approve,false,403,true,""
settings,view,production,view,false,403,true,""
settings,view,production,create,false,403,true,""
settings,view,production,edit,false,403,true,""
settings,view,production,delete,false,403,true,""
settings,view,shift_log,view,false,403,true,""
settings,view,shift_log,create,false,403,true,""
settings,view,shift_log,delete,false,403,true,""
settings,view,sales,view,false,403,true,""
settings,view,sales,create,false,403,true,""
settings,view,sales,edit,false,403,true,""
settings,view,sales,delete,false,403,true,""
settings,view,sales,approve,false,403,true,""
settings,view,sales,export,false,403,true,""
settings,view,parties,view,false,403,true,""
settings,view,parties,create,false,403,true,""
settings,view,parties,edit,false,403,true,""
settings,view,parties,delete,false,403,true,""
settings,view,expenses,view,false,403,true,""
settings,view,expenses,create,false,403,true,""
settings,view,expenses,edit,false,403,true,""
settings,view,expenses,delete,false,403,true,""
settings,view,locations,view,false,403,true,""
settings,view,locations,create,false,403,true,""
settings,view,locations,edit,false,403,true,""
settings,view,locations,delete,false,403,true,""
settings,view,reports,view,false,403,true,""
settings,view,settings,view,true,200,true,""
settings,view,vendor_orders,view,false,403,true,"internal roles; only checked on vendor portal"
settings,view,customer_orders,view,false,403,true,"internal roles; only checked on customer portal"
settings,view,returns,view,false,403,true,""
settings,view,returns,create,false,403,true,""
settings,view,returns,approve,false,403,true,""
settings,view,users,view,false,403,true,""
settings,view,users,create,false,403,true,""
settings,view,users,edit,false,403,true,""
settings,view,users,delete,false,403,true,""
settings,view,billing,view,false,403,true,""
settings,view,billing,create,false,403,true,""
settings,view,billing,edit,false,403,true,""
settings,view,stock_transfers,view,false,200,false,"no permission check on GET at all"
settings,view,stock_transfers,create,false,403,true,"checked against inventory:create, not stock_transfers"
vendor_orders,view,dashboard,view,false,403,true,""
vendor_orders,view,dashboard,export,false,403,true,""
vendor_orders,view,catalog,view,false,403,true,""
vendor_orders,view,catalog,create,false,403,true,""
vendor_orders,view,catalog,edit,false,403,true,""
vendor_orders,view,catalog,delete,false,403,true,""
vendor_orders,view,inventory,view,false,403,true,""
vendor_orders,view,inventory,create,false,403,true,""
vendor_orders,view,inventory,edit,false,403,true,""
vendor_orders,view,procurement,view,false,403,true,""
vendor_orders,view,procurement,create,false,403,true,""
vendor_orders,view,procurement,edit,false,403,true,""
vendor_orders,view,procurement,delete,false,403,true,""
vendor_orders,view,procurement,approve,false,403,true,""
vendor_orders,view,production,view,false,403,true,""
vendor_orders,view,production,create,false,403,true,""
vendor_orders,view,production,edit,false,403,true,""
vendor_orders,view,production,delete,false,403,true,""
vendor_orders,view,shift_log,view,false,403,true,""
vendor_orders,view,shift_log,create,false,403,true,""
vendor_orders,view,shift_log,delete,false,403,true,""
vendor_orders,view,sales,view,false,403,true,""
vendor_orders,view,sales,create,false,403,true,""
vendor_orders,view,sales,edit,false,403,true,""
vendor_orders,view,sales,delete,false,403,true,""
vendor_orders,view,sales,approve,false,403,true,""
vendor_orders,view,sales,export,false,403,true,""
vendor_orders,view,parties,view,false,403,true,""
vendor_orders,view,parties,create,false,403,true,""
vendor_orders,view,parties,edit,false,403,true,""
vendor_orders,view,parties,delete,false,403,true,""
vendor_orders,view,expenses,view,false,403,true,""
vendor_orders,view,expenses,create,false,403,true,""
vendor_orders,view,expenses,edit,false,403,true,""
vendor_orders,view,expenses,delete,false,403,true,""
vendor_orders,view,locations,view,false,403,true,""
vendor_orders,view,locations,create,false,403,true,""
vendor_orders,view,locations,edit,false,403,true,""
vendor_orders,view,locations,delete,false,403,true,""
vendor_orders,view,reports,view,false,403,true,""
vendor_orders,view,settings,view,false,403,true,""
vendor_orders,view,vendor_orders,view,true,403,false,"internal roles; only checked on vendor portal"
vendor_orders,view,customer_orders,view,false,403,true,"internal roles; only checked on customer portal"
vendor_orders,view,returns,view,false,403,true,""
vendor_orders,view,returns,create,false,403,true,""
vendor_orders,view,returns,approve,false,403,true,""
vendor_orders,view,users,view,false,403,true,""
vendor_orders,view,users,create,false,403,true,""
vendor_orders,view,users,edit,false,403,true,""
vendor_orders,view,users,delete,false,403,true,""
vendor_orders,view,billing,view,false,403,true,""
vendor_orders,view,billing,create,false,403,true,""
vendor_orders,view,billing,edit,false,403,true,""
vendor_orders,view,stock_transfers,view,false,200,false,"no permission check on GET at all"
vendor_orders,view,stock_transfers,create,false,403,true,"checked against inventory:create, not stock_transfers"
customer_orders,view,dashboard,view,false,403,true,""
customer_orders,view,dashboard,export,false,403,true,""
customer_orders,view,catalog,view,false,403,true,""
customer_orders,view,catalog,create,false,403,true,""
customer_orders,view,catalog,edit,false,403,true,""
customer_orders,view,catalog,delete,false,403,true,""
customer_orders,view,inventory,view,false,403,true,""
customer_orders,view,inventory,create,false,403,true,""
customer_orders,view,inventory,edit,false,403,true,""
customer_orders,view,procurement,view,false,403,true,""
customer_orders,view,procurement,create,false,403,true,""
customer_orders,view,procurement,edit,false,403,true,""
customer_orders,view,procurement,delete,false,403,true,""
customer_orders,view,procurement,approve,false,403,true,""
customer_orders,view,production,view,false,403,true,""
customer_orders,view,production,create,false,403,true,""
customer_orders,view,production,edit,false,403,true,""
customer_orders,view,production,delete,false,403,true,""
customer_orders,view,shift_log,view,false,403,true,""
customer_orders,view,shift_log,create,false,403,true,""
customer_orders,view,shift_log,delete,false,403,true,""
customer_orders,view,sales,view,false,403,true,""
customer_orders,view,sales,create,false,403,true,""
customer_orders,view,sales,edit,false,403,true,""
customer_orders,view,sales,delete,false,403,true,""
customer_orders,view,sales,approve,false,403,true,""
customer_orders,view,sales,export,false,403,true,""
customer_orders,view,parties,view,false,403,true,""
customer_orders,view,parties,create,false,403,true,""
customer_orders,view,parties,edit,false,403,true,""
customer_orders,view,parties,delete,false,403,true,""
customer_orders,view,expenses,view,false,403,true,""
customer_orders,view,expenses,create,false,403,true,""
customer_orders,view,expenses,edit,false,403,true,""
customer_orders,view,expenses,delete,false,403,true,""
customer_orders,view,locations,view,false,403,true,""
customer_orders,view,locations,create,false,403,true,""
customer_orders,view,locations,edit,false,403,true,""
customer_orders,view,locations,delete,false,403,true,""
customer_orders,view,reports,view,false,403,true,""
customer_orders,view,settings,view,false,403,true,""
customer_orders,view,vendor_orders,view,false,403,true,"internal roles; only checked on vendor portal"
customer_orders,view,customer_orders,view,true,403,false,"internal roles; only checked on customer portal"
customer_orders,view,returns,view,false,403,true,""
customer_orders,view,returns,create,false,403,true,""
customer_orders,view,returns,approve,false,403,true,""
customer_orders,view,users,view,false,403,true,""
customer_orders,view,users,create,false,403,true,""
customer_orders,view,users,edit,false,403,true,""
customer_orders,view,users,delete,false,403,true,""
customer_orders,view,billing,view,false,403,true,""
customer_orders,view,billing,create,false,403,true,""
customer_orders,view,billing,edit,false,403,true,""
customer_orders,view,stock_transfers,view,false,200,false,"no permission check on GET at all"
customer_orders,view,stock_transfers,create,false,403,true,"checked against inventory:create, not stock_transfers"
returns,view,dashboard,view,false,403,true,""
returns,view,dashboard,export,false,403,true,""
returns,view,catalog,view,false,403,true,""
returns,view,catalog,create,false,403,true,""
returns,view,catalog,edit,false,403,true,""
returns,view,catalog,delete,false,403,true,""
returns,view,inventory,view,false,403,true,""
returns,view,inventory,create,false,403,true,""
returns,view,inventory,edit,false,403,true,""
returns,view,procurement,view,false,403,true,""
returns,view,procurement,create,false,403,true,""
returns,view,procurement,edit,false,403,true,""
returns,view,procurement,delete,false,403,true,""
returns,view,procurement,approve,false,403,true,""
returns,view,production,view,false,403,true,""
returns,view,production,create,false,403,true,""
returns,view,production,edit,false,403,true,""
returns,view,production,delete,false,403,true,""
returns,view,shift_log,view,false,403,true,""
returns,view,shift_log,create,false,403,true,""
returns,view,shift_log,delete,false,403,true,""
returns,view,sales,view,false,403,true,""
returns,view,sales,create,false,403,true,""
returns,view,sales,edit,false,403,true,""
returns,view,sales,delete,false,403,true,""
returns,view,sales,approve,false,403,true,""
returns,view,sales,export,false,403,true,""
returns,view,parties,view,false,403,true,""
returns,view,parties,create,false,403,true,""
returns,view,parties,edit,false,403,true,""
returns,view,parties,delete,false,403,true,""
returns,view,expenses,view,false,403,true,""
returns,view,expenses,create,false,403,true,""
returns,view,expenses,edit,false,403,true,""
returns,view,expenses,delete,false,403,true,""
returns,view,locations,view,false,403,true,""
returns,view,locations,create,false,403,true,""
returns,view,locations,edit,false,403,true,""
returns,view,locations,delete,false,403,true,""
returns,view,reports,view,false,403,true,""
returns,view,settings,view,false,403,true,""
returns,view,vendor_orders,view,false,403,true,"internal roles; only checked on vendor portal"
returns,view,customer_orders,view,false,403,true,"internal roles; only checked on customer portal"
returns,view,returns,view,true,200,true,""
returns,view,returns,create,false,403,true,""
returns,view,returns,approve,false,403,true,""
returns,view,users,view,false,403,true,""
returns,view,users,create,false,403,true,""
returns,view,users,edit,false,403,true,""
returns,view,users,delete,false,403,true,""
returns,view,billing,view,false,403,true,""
returns,view,billing,create,false,403,true,""
returns,view,billing,edit,false,403,true,""
returns,view,stock_transfers,view,false,200,false,"no permission check on GET at all"
returns,view,stock_transfers,create,false,403,true,"checked against inventory:create, not stock_transfers"
returns,create,dashboard,view,false,403,true,""
returns,create,dashboard,export,false,403,true,""
returns,create,catalog,view,false,403,true,""
returns,create,catalog,create,false,403,true,""
returns,create,catalog,edit,false,403,true,""
returns,create,catalog,delete,false,403,true,""
returns,create,inventory,view,false,403,true,""
returns,create,inventory,create,false,403,true,""
returns,create,inventory,edit,false,403,true,""
returns,create,procurement,view,false,403,true,""
returns,create,procurement,create,false,403,true,""
returns,create,procurement,edit,false,403,true,""
returns,create,procurement,delete,false,403,true,""
returns,create,procurement,approve,false,403,true,""
returns,create,production,view,false,403,true,""
returns,create,production,create,false,403,true,""
returns,create,production,edit,false,403,true,""
returns,create,production,delete,false,403,true,""
returns,create,shift_log,view,false,403,true,""
returns,create,shift_log,create,false,403,true,""
returns,create,shift_log,delete,false,403,true,""
returns,create,sales,view,false,403,true,""
returns,create,sales,create,false,403,true,""
returns,create,sales,edit,false,403,true,""
returns,create,sales,delete,false,403,true,""
returns,create,sales,approve,false,403,true,""
returns,create,sales,export,false,403,true,""
returns,create,parties,view,false,403,true,""
returns,create,parties,create,false,403,true,""
returns,create,parties,edit,false,403,true,""
returns,create,parties,delete,false,403,true,""
returns,create,expenses,view,false,403,true,""
returns,create,expenses,create,false,403,true,""
returns,create,expenses,edit,false,403,true,""
returns,create,expenses,delete,false,403,true,""
returns,create,locations,view,false,403,true,""
returns,create,locations,create,false,403,true,""
returns,create,locations,edit,false,403,true,""
returns,create,locations,delete,false,403,true,""
returns,create,reports,view,false,403,true,""
returns,create,settings,view,false,403,true,""
returns,create,vendor_orders,view,false,403,true,"internal roles; only checked on vendor portal"
returns,create,customer_orders,view,false,403,true,"internal roles; only checked on customer portal"
returns,create,returns,view,false,403,true,""
returns,create,returns,create,true,400,true,""
returns,create,returns,approve,false,403,true,""
returns,create,users,view,false,403,true,""
returns,create,users,create,false,403,true,""
returns,create,users,edit,false,403,true,""
returns,create,users,delete,false,403,true,""
returns,create,billing,view,false,403,true,""
returns,create,billing,create,false,403,true,""
returns,create,billing,edit,false,403,true,""
returns,create,stock_transfers,view,false,200,false,"no permission check on GET at all"
returns,create,stock_transfers,create,false,403,true,"checked against inventory:create, not stock_transfers"
returns,approve,dashboard,view,false,403,true,""
returns,approve,dashboard,export,false,403,true,""
returns,approve,catalog,view,false,403,true,""
returns,approve,catalog,create,false,403,true,""
returns,approve,catalog,edit,false,403,true,""
returns,approve,catalog,delete,false,403,true,""
returns,approve,inventory,view,false,403,true,""
returns,approve,inventory,create,false,403,true,""
returns,approve,inventory,edit,false,403,true,""
returns,approve,procurement,view,false,403,true,""
returns,approve,procurement,create,false,403,true,""
returns,approve,procurement,edit,false,403,true,""
returns,approve,procurement,delete,false,403,true,""
returns,approve,procurement,approve,false,403,true,""
returns,approve,production,view,false,403,true,""
returns,approve,production,create,false,403,true,""
returns,approve,production,edit,false,403,true,""
returns,approve,production,delete,false,403,true,""
returns,approve,shift_log,view,false,403,true,""
returns,approve,shift_log,create,false,403,true,""
returns,approve,shift_log,delete,false,403,true,""
returns,approve,sales,view,false,403,true,""
returns,approve,sales,create,false,403,true,""
returns,approve,sales,edit,false,403,true,""
returns,approve,sales,delete,false,403,true,""
returns,approve,sales,approve,false,403,true,""
returns,approve,sales,export,false,403,true,""
returns,approve,parties,view,false,403,true,""
returns,approve,parties,create,false,403,true,""
returns,approve,parties,edit,false,403,true,""
returns,approve,parties,delete,false,403,true,""
returns,approve,expenses,view,false,403,true,""
returns,approve,expenses,create,false,403,true,""
returns,approve,expenses,edit,false,403,true,""
returns,approve,expenses,delete,false,403,true,""
returns,approve,locations,view,false,403,true,""
returns,approve,locations,create,false,403,true,""
returns,approve,locations,edit,false,403,true,""
returns,approve,locations,delete,false,403,true,""
returns,approve,reports,view,false,403,true,""
returns,approve,settings,view,false,403,true,""
returns,approve,vendor_orders,view,false,403,true,"internal roles; only checked on vendor portal"
returns,approve,customer_orders,view,false,403,true,"internal roles; only checked on customer portal"
returns,approve,returns,view,false,403,true,""
returns,approve,returns,create,false,403,true,""
returns,approve,returns,approve,true,404,true,""
returns,approve,users,view,false,403,true,""
returns,approve,users,create,false,403,true,""
returns,approve,users,edit,false,403,true,""
returns,approve,users,delete,false,403,true,""
returns,approve,billing,view,false,403,true,""
returns,approve,billing,create,false,403,true,""
returns,approve,billing,edit,false,403,true,""
returns,approve,stock_transfers,view,false,200,false,"no permission check on GET at all"
returns,approve,stock_transfers,create,false,403,true,"checked against inventory:create, not stock_transfers"
users,view,dashboard,view,false,403,true,""
users,view,dashboard,export,false,403,true,""
users,view,catalog,view,false,403,true,""
users,view,catalog,create,false,403,true,""
users,view,catalog,edit,false,403,true,""
users,view,catalog,delete,false,403,true,""
users,view,inventory,view,false,403,true,""
users,view,inventory,create,false,403,true,""
users,view,inventory,edit,false,403,true,""
users,view,procurement,view,false,403,true,""
users,view,procurement,create,false,403,true,""
users,view,procurement,edit,false,403,true,""
users,view,procurement,delete,false,403,true,""
users,view,procurement,approve,false,403,true,""
users,view,production,view,false,403,true,""
users,view,production,create,false,403,true,""
users,view,production,edit,false,403,true,""
users,view,production,delete,false,403,true,""
users,view,shift_log,view,false,403,true,""
users,view,shift_log,create,false,403,true,""
users,view,shift_log,delete,false,403,true,""
users,view,sales,view,false,403,true,""
users,view,sales,create,false,403,true,""
users,view,sales,edit,false,403,true,""
users,view,sales,delete,false,403,true,""
users,view,sales,approve,false,403,true,""
users,view,sales,export,false,403,true,""
users,view,parties,view,false,403,true,""
users,view,parties,create,false,403,true,""
users,view,parties,edit,false,403,true,""
users,view,parties,delete,false,403,true,""
users,view,expenses,view,false,403,true,""
users,view,expenses,create,false,403,true,""
users,view,expenses,edit,false,403,true,""
users,view,expenses,delete,false,403,true,""
users,view,locations,view,false,403,true,""
users,view,locations,create,false,403,true,""
users,view,locations,edit,false,403,true,""
users,view,locations,delete,false,403,true,""
users,view,reports,view,false,403,true,""
users,view,settings,view,false,403,true,""
users,view,vendor_orders,view,false,403,true,"internal roles; only checked on vendor portal"
users,view,customer_orders,view,false,403,true,"internal roles; only checked on customer portal"
users,view,returns,view,false,403,true,""
users,view,returns,create,false,403,true,""
users,view,returns,approve,false,403,true,""
users,view,users,view,true,200,true,""
users,view,users,create,false,403,true,""
users,view,users,edit,false,403,true,""
users,view,users,delete,false,403,true,""
users,view,billing,view,false,403,true,""
users,view,billing,create,false,403,true,""
users,view,billing,edit,false,403,true,""
users,view,stock_transfers,view,false,200,false,"no permission check on GET at all"
users,view,stock_transfers,create,false,403,true,"checked against inventory:create, not stock_transfers"
users,create,dashboard,view,false,403,true,""
users,create,dashboard,export,false,403,true,""
users,create,catalog,view,false,403,true,""
users,create,catalog,create,false,403,true,""
users,create,catalog,edit,false,403,true,""
users,create,catalog,delete,false,403,true,""
users,create,inventory,view,false,403,true,""
users,create,inventory,create,false,403,true,""
users,create,inventory,edit,false,403,true,""
users,create,procurement,view,false,403,true,""
users,create,procurement,create,false,403,true,""
users,create,procurement,edit,false,403,true,""
users,create,procurement,delete,false,403,true,""
users,create,procurement,approve,false,403,true,""
users,create,production,view,false,403,true,""
users,create,production,create,false,403,true,""
users,create,production,edit,false,403,true,""
users,create,production,delete,false,403,true,""
users,create,shift_log,view,false,403,true,""
users,create,shift_log,create,false,403,true,""
users,create,shift_log,delete,false,403,true,""
users,create,sales,view,false,403,true,""
users,create,sales,create,false,403,true,""
users,create,sales,edit,false,403,true,""
users,create,sales,delete,false,403,true,""
users,create,sales,approve,false,403,true,""
users,create,sales,export,false,403,true,""
users,create,parties,view,false,403,true,""
users,create,parties,create,false,403,true,""
users,create,parties,edit,false,403,true,""
users,create,parties,delete,false,403,true,""
users,create,expenses,view,false,403,true,""
users,create,expenses,create,false,403,true,""
users,create,expenses,edit,false,403,true,""
users,create,expenses,delete,false,403,true,""
users,create,locations,view,false,403,true,""
users,create,locations,create,false,403,true,""
users,create,locations,edit,false,403,true,""
users,create,locations,delete,false,403,true,""
users,create,reports,view,false,403,true,""
users,create,settings,view,false,403,true,""
users,create,vendor_orders,view,false,403,true,"internal roles; only checked on vendor portal"
users,create,customer_orders,view,false,403,true,"internal roles; only checked on customer portal"
users,create,returns,view,false,403,true,""
users,create,returns,create,false,403,true,""
users,create,returns,approve,false,403,true,""
users,create,users,view,false,403,true,""
users,create,users,create,true,400,true,""
users,create,users,edit,false,403,true,""
users,create,users,delete,false,403,true,""
users,create,billing,view,false,403,true,""
users,create,billing,create,false,403,true,""
users,create,billing,edit,false,403,true,""
users,create,stock_transfers,view,false,200,false,"no permission check on GET at all"
users,create,stock_transfers,create,false,403,true,"checked against inventory:create, not stock_transfers"
users,edit,dashboard,view,false,403,true,""
users,edit,dashboard,export,false,403,true,""
users,edit,catalog,view,false,403,true,""
users,edit,catalog,create,false,403,true,""
users,edit,catalog,edit,false,403,true,""
users,edit,catalog,delete,false,403,true,""
users,edit,inventory,view,false,403,true,""
users,edit,inventory,create,false,403,true,""
users,edit,inventory,edit,false,403,true,""
users,edit,procurement,view,false,403,true,""
users,edit,procurement,create,false,403,true,""
users,edit,procurement,edit,false,403,true,""
users,edit,procurement,delete,false,403,true,""
users,edit,procurement,approve,false,403,true,""
users,edit,production,view,false,403,true,""
users,edit,production,create,false,403,true,""
users,edit,production,edit,false,403,true,""
users,edit,production,delete,false,403,true,""
users,edit,shift_log,view,false,403,true,""
users,edit,shift_log,create,false,403,true,""
users,edit,shift_log,delete,false,403,true,""
users,edit,sales,view,false,403,true,""
users,edit,sales,create,false,403,true,""
users,edit,sales,edit,false,403,true,""
users,edit,sales,delete,false,403,true,""
users,edit,sales,approve,false,403,true,""
users,edit,sales,export,false,403,true,""
users,edit,parties,view,false,403,true,""
users,edit,parties,create,false,403,true,""
users,edit,parties,edit,false,403,true,""
users,edit,parties,delete,false,403,true,""
users,edit,expenses,view,false,403,true,""
users,edit,expenses,create,false,403,true,""
users,edit,expenses,edit,false,403,true,""
users,edit,expenses,delete,false,403,true,""
users,edit,locations,view,false,403,true,""
users,edit,locations,create,false,403,true,""
users,edit,locations,edit,false,403,true,""
users,edit,locations,delete,false,403,true,""
users,edit,reports,view,false,403,true,""
users,edit,settings,view,false,403,true,""
users,edit,vendor_orders,view,false,403,true,"internal roles; only checked on vendor portal"
users,edit,customer_orders,view,false,403,true,"internal roles; only checked on customer portal"
users,edit,returns,view,false,403,true,""
users,edit,returns,create,false,403,true,""
users,edit,returns,approve,false,403,true,""
users,edit,users,view,false,403,true,""
users,edit,users,create,false,403,true,""
users,edit,users,edit,true,404,true,""
users,edit,users,delete,false,403,true,""
users,edit,billing,view,false,403,true,""
users,edit,billing,create,false,403,true,""
users,edit,billing,edit,false,403,true,""
users,edit,stock_transfers,view,false,200,false,"no permission check on GET at all"
users,edit,stock_transfers,create,false,403,true,"checked against inventory:create, not stock_transfers"
users,delete,dashboard,view,false,403,true,""
users,delete,dashboard,export,false,403,true,""
users,delete,catalog,view,false,403,true,""
users,delete,catalog,create,false,403,true,""
users,delete,catalog,edit,false,403,true,""
users,delete,catalog,delete,false,403,true,""
users,delete,inventory,view,false,403,true,""
users,delete,inventory,create,false,403,true,""
users,delete,inventory,edit,false,403,true,""
users,delete,procurement,view,false,403,true,""
users,delete,procurement,create,false,403,true,""
users,delete,procurement,edit,false,403,true,""
users,delete,procurement,delete,false,403,true,""
users,delete,procurement,approve,false,403,true,""
users,delete,production,view,false,403,true,""
users,delete,production,create,false,403,true,""
users,delete,production,edit,false,403,true,""
users,delete,production,delete,false,403,true,""
users,delete,shift_log,view,false,403,true,""
users,delete,shift_log,create,false,403,true,""
users,delete,shift_log,delete,false,403,true,""
users,delete,sales,view,false,403,true,""
users,delete,sales,create,false,403,true,""
users,delete,sales,edit,false,403,true,""
users,delete,sales,delete,false,403,true,""
users,delete,sales,approve,false,403,true,""
users,delete,sales,export,false,403,true,""
users,delete,parties,view,false,403,true,""
users,delete,parties,create,false,403,true,""
users,delete,parties,edit,false,403,true,""
users,delete,parties,delete,false,403,true,""
users,delete,expenses,view,false,403,true,""
users,delete,expenses,create,false,403,true,""
users,delete,expenses,edit,false,403,true,""
users,delete,expenses,delete,false,403,true,""
users,delete,locations,view,false,403,true,""
users,delete,locations,create,false,403,true,""
users,delete,locations,edit,false,403,true,""
users,delete,locations,delete,false,403,true,""
users,delete,reports,view,false,403,true,""
users,delete,settings,view,false,403,true,""
users,delete,vendor_orders,view,false,403,true,"internal roles; only checked on vendor portal"
users,delete,customer_orders,view,false,403,true,"internal roles; only checked on customer portal"
users,delete,returns,view,false,403,true,""
users,delete,returns,create,false,403,true,""
users,delete,returns,approve,false,403,true,""
users,delete,users,view,false,403,true,""
users,delete,users,create,false,403,true,""
users,delete,users,edit,false,403,true,""
users,delete,users,delete,true,404,true,""
users,delete,billing,view,false,403,true,""
users,delete,billing,create,false,403,true,""
users,delete,billing,edit,false,403,true,""
users,delete,stock_transfers,view,false,200,false,"no permission check on GET at all"
users,delete,stock_transfers,create,false,403,true,"checked against inventory:create, not stock_transfers"
billing,view,dashboard,view,false,403,true,""
billing,view,dashboard,export,false,403,true,""
billing,view,catalog,view,false,403,true,""
billing,view,catalog,create,false,403,true,""
billing,view,catalog,edit,false,403,true,""
billing,view,catalog,delete,false,403,true,""
billing,view,inventory,view,false,403,true,""
billing,view,inventory,create,false,403,true,""
billing,view,inventory,edit,false,403,true,""
billing,view,procurement,view,false,403,true,""
billing,view,procurement,create,false,403,true,""
billing,view,procurement,edit,false,403,true,""
billing,view,procurement,delete,false,403,true,""
billing,view,procurement,approve,false,403,true,""
billing,view,production,view,false,403,true,""
billing,view,production,create,false,403,true,""
billing,view,production,edit,false,403,true,""
billing,view,production,delete,false,403,true,""
billing,view,shift_log,view,false,403,true,""
billing,view,shift_log,create,false,403,true,""
billing,view,shift_log,delete,false,403,true,""
billing,view,sales,view,false,403,true,""
billing,view,sales,create,false,403,true,""
billing,view,sales,edit,false,403,true,""
billing,view,sales,delete,false,403,true,""
billing,view,sales,approve,false,403,true,""
billing,view,sales,export,false,403,true,""
billing,view,parties,view,false,403,true,""
billing,view,parties,create,false,403,true,""
billing,view,parties,edit,false,403,true,""
billing,view,parties,delete,false,403,true,""
billing,view,expenses,view,false,403,true,""
billing,view,expenses,create,false,403,true,""
billing,view,expenses,edit,false,403,true,""
billing,view,expenses,delete,false,403,true,""
billing,view,locations,view,false,403,true,""
billing,view,locations,create,false,403,true,""
billing,view,locations,edit,false,403,true,""
billing,view,locations,delete,false,403,true,""
billing,view,reports,view,false,403,true,""
billing,view,settings,view,false,403,true,""
billing,view,vendor_orders,view,false,403,true,"internal roles; only checked on vendor portal"
billing,view,customer_orders,view,false,403,true,"internal roles; only checked on customer portal"
billing,view,returns,view,false,403,true,""
billing,view,returns,create,false,403,true,""
billing,view,returns,approve,false,403,true,""
billing,view,users,view,false,403,true,""
billing,view,users,create,false,403,true,""
billing,view,users,edit,false,403,true,""
billing,view,users,delete,false,403,true,""
billing,view,billing,view,true,200,true,""
billing,view,billing,create,false,403,true,""
billing,view,billing,edit,false,403,true,""
billing,view,stock_transfers,view,false,200,false,"no permission check on GET at all"
billing,view,stock_transfers,create,false,403,true,"checked against inventory:create, not stock_transfers"
billing,create,dashboard,view,false,403,true,""
billing,create,dashboard,export,false,403,true,""
billing,create,catalog,view,false,403,true,""
billing,create,catalog,create,false,403,true,""
billing,create,catalog,edit,false,403,true,""
billing,create,catalog,delete,false,403,true,""
billing,create,inventory,view,false,403,true,""
billing,create,inventory,create,false,403,true,""
billing,create,inventory,edit,false,403,true,""
billing,create,procurement,view,false,403,true,""
billing,create,procurement,create,false,403,true,""
billing,create,procurement,edit,false,403,true,""
billing,create,procurement,delete,false,403,true,""
billing,create,procurement,approve,false,403,true,""
billing,create,production,view,false,403,true,""
billing,create,production,create,false,403,true,""
billing,create,production,edit,false,403,true,""
billing,create,production,delete,false,403,true,""
billing,create,shift_log,view,false,403,true,""
billing,create,shift_log,create,false,403,true,""
billing,create,shift_log,delete,false,403,true,""
billing,create,sales,view,false,403,true,""
billing,create,sales,create,false,403,true,""
billing,create,sales,edit,false,403,true,""
billing,create,sales,delete,false,403,true,""
billing,create,sales,approve,false,403,true,""
billing,create,sales,export,false,403,true,""
billing,create,parties,view,false,403,true,""
billing,create,parties,create,false,403,true,""
billing,create,parties,edit,false,403,true,""
billing,create,parties,delete,false,403,true,""
billing,create,expenses,view,false,403,true,""
billing,create,expenses,create,false,403,true,""
billing,create,expenses,edit,false,403,true,""
billing,create,expenses,delete,false,403,true,""
billing,create,locations,view,false,403,true,""
billing,create,locations,create,false,403,true,""
billing,create,locations,edit,false,403,true,""
billing,create,locations,delete,false,403,true,""
billing,create,reports,view,false,403,true,""
billing,create,settings,view,false,403,true,""
billing,create,vendor_orders,view,false,403,true,"internal roles; only checked on vendor portal"
billing,create,customer_orders,view,false,403,true,"internal roles; only checked on customer portal"
billing,create,returns,view,false,403,true,""
billing,create,returns,create,false,403,true,""
billing,create,returns,approve,false,403,true,""
billing,create,users,view,false,403,true,""
billing,create,users,create,false,403,true,""
billing,create,users,edit,false,403,true,""
billing,create,users,delete,false,403,true,""
billing,create,billing,view,false,403,true,""
billing,create,billing,create,true,200,true,""
billing,create,billing,edit,false,403,true,""
billing,create,stock_transfers,view,false,200,false,"no permission check on GET at all"
billing,create,stock_transfers,create,false,403,true,"checked against inventory:create, not stock_transfers"
billing,edit,dashboard,view,false,403,true,""
billing,edit,dashboard,export,false,403,true,""
billing,edit,catalog,view,false,403,true,""
billing,edit,catalog,create,false,403,true,""
billing,edit,catalog,edit,false,403,true,""
billing,edit,catalog,delete,false,403,true,""
billing,edit,inventory,view,false,403,true,""
billing,edit,inventory,create,false,403,true,""
billing,edit,inventory,edit,false,403,true,""
billing,edit,procurement,view,false,403,true,""
billing,edit,procurement,create,false,403,true,""
billing,edit,procurement,edit,false,403,true,""
billing,edit,procurement,delete,false,403,true,""
billing,edit,procurement,approve,false,403,true,""
billing,edit,production,view,false,403,true,""
billing,edit,production,create,false,403,true,""
billing,edit,production,edit,false,403,true,""
billing,edit,production,delete,false,403,true,""
billing,edit,shift_log,view,false,403,true,""
billing,edit,shift_log,create,false,403,true,""
billing,edit,shift_log,delete,false,403,true,""
billing,edit,sales,view,false,403,true,""
billing,edit,sales,create,false,403,true,""
billing,edit,sales,edit,false,403,true,""
billing,edit,sales,delete,false,403,true,""
billing,edit,sales,approve,false,403,true,""
billing,edit,sales,export,false,403,true,""
billing,edit,parties,view,false,403,true,""
billing,edit,parties,create,false,403,true,""
billing,edit,parties,edit,false,403,true,""
billing,edit,parties,delete,false,403,true,""
billing,edit,expenses,view,false,403,true,""
billing,edit,expenses,create,false,403,true,""
billing,edit,expenses,edit,false,403,true,""
billing,edit,expenses,delete,false,403,true,""
billing,edit,locations,view,false,403,true,""
billing,edit,locations,create,false,403,true,""
billing,edit,locations,edit,false,403,true,""
billing,edit,locations,delete,false,403,true,""
billing,edit,reports,view,false,403,true,""
billing,edit,settings,view,false,403,true,""
billing,edit,vendor_orders,view,false,403,true,"internal roles; only checked on vendor portal"
billing,edit,customer_orders,view,false,403,true,"internal roles; only checked on customer portal"
billing,edit,returns,view,false,403,true,""
billing,edit,returns,create,false,403,true,""
billing,edit,returns,approve,false,403,true,""
billing,edit,users,view,false,403,true,""
billing,edit,users,create,false,403,true,""
billing,edit,users,edit,false,403,true,""
billing,edit,users,delete,false,403,true,""
billing,edit,billing,view,false,403,true,""
billing,edit,billing,create,false,403,true,""
billing,edit,billing,edit,true,200,true,""
billing,edit,stock_transfers,view,false,200,false,"no permission check on GET at all"
billing,edit,stock_transfers,create,false,403,true,"checked against inventory:create, not stock_transfers"
stock_transfers,view,dashboard,view,false,403,true,""
stock_transfers,view,dashboard,export,false,403,true,""
stock_transfers,view,catalog,view,false,403,true,""
stock_transfers,view,catalog,create,false,403,true,""
stock_transfers,view,catalog,edit,false,403,true,""
stock_transfers,view,catalog,delete,false,403,true,""
stock_transfers,view,inventory,view,false,403,true,""
stock_transfers,view,inventory,create,false,403,true,""
stock_transfers,view,inventory,edit,false,403,true,""
stock_transfers,view,procurement,view,false,403,true,""
stock_transfers,view,procurement,create,false,403,true,""
stock_transfers,view,procurement,edit,false,403,true,""
stock_transfers,view,procurement,delete,false,403,true,""
stock_transfers,view,procurement,approve,false,403,true,""
stock_transfers,view,production,view,false,403,true,""
stock_transfers,view,production,create,false,403,true,""
stock_transfers,view,production,edit,false,403,true,""
stock_transfers,view,production,delete,false,403,true,""
stock_transfers,view,shift_log,view,false,403,true,""
stock_transfers,view,shift_log,create,false,403,true,""
stock_transfers,view,shift_log,delete,false,403,true,""
stock_transfers,view,sales,view,false,403,true,""
stock_transfers,view,sales,create,false,403,true,""
stock_transfers,view,sales,edit,false,403,true,""
stock_transfers,view,sales,delete,false,403,true,""
stock_transfers,view,sales,approve,false,403,true,""
stock_transfers,view,sales,export,false,403,true,""
stock_transfers,view,parties,view,false,403,true,""
stock_transfers,view,parties,create,false,403,true,""
stock_transfers,view,parties,edit,false,403,true,""
stock_transfers,view,parties,delete,false,403,true,""
stock_transfers,view,expenses,view,false,403,true,""
stock_transfers,view,expenses,create,false,403,true,""
stock_transfers,view,expenses,edit,false,403,true,""
stock_transfers,view,expenses,delete,false,403,true,""
stock_transfers,view,locations,view,false,403,true,""
stock_transfers,view,locations,create,false,403,true,""
stock_transfers,view,locations,edit,false,403,true,""
stock_transfers,view,locations,delete,false,403,true,""
stock_transfers,view,reports,view,false,403,true,""
stock_transfers,view,settings,view,false,403,true,""
stock_transfers,view,vendor_orders,view,false,403,true,"internal roles; only checked on vendor portal"
stock_transfers,view,customer_orders,view,false,403,true,"internal roles; only checked on customer portal"
stock_transfers,view,returns,view,false,403,true,""
stock_transfers,view,returns,create,false,403,true,""
stock_transfers,view,returns,approve,false,403,true,""
stock_transfers,view,users,view,false,403,true,""
stock_transfers,view,users,create,false,403,true,""
stock_transfers,view,users,edit,false,403,true,""
stock_transfers,view,users,delete,false,403,true,""
stock_transfers,view,billing,view,false,403,true,""
stock_transfers,view,billing,create,false,403,true,""
stock_transfers,view,billing,edit,false,403,true,""
stock_transfers,view,stock_transfers,view,true,200,true,"no permission check on GET at all"
stock_transfers,view,stock_transfers,create,false,403,true,"checked against inventory:create, not stock_transfers"
stock_transfers,create,dashboard,view,false,403,true,""
stock_transfers,create,dashboard,export,false,403,true,""
stock_transfers,create,catalog,view,false,403,true,""
stock_transfers,create,catalog,create,false,403,true,""
stock_transfers,create,catalog,edit,false,403,true,""
stock_transfers,create,catalog,delete,false,403,true,""
stock_transfers,create,inventory,view,false,403,true,""
stock_transfers,create,inventory,create,false,403,true,""
stock_transfers,create,inventory,edit,false,403,true,""
stock_transfers,create,procurement,view,false,403,true,""
stock_transfers,create,procurement,create,false,403,true,""
stock_transfers,create,procurement,edit,false,403,true,""
stock_transfers,create,procurement,delete,false,403,true,""
stock_transfers,create,procurement,approve,false,403,true,""
stock_transfers,create,production,view,false,403,true,""
stock_transfers,create,production,create,false,403,true,""
stock_transfers,create,production,edit,false,403,true,""
stock_transfers,create,production,delete,false,403,true,""
stock_transfers,create,shift_log,view,false,403,true,""
stock_transfers,create,shift_log,create,false,403,true,""
stock_transfers,create,shift_log,delete,false,403,true,""
stock_transfers,create,sales,view,false,403,true,""
stock_transfers,create,sales,create,false,403,true,""
stock_transfers,create,sales,edit,false,403,true,""
stock_transfers,create,sales,delete,false,403,true,""
stock_transfers,create,sales,approve,false,403,true,""
stock_transfers,create,sales,export,false,403,true,""
stock_transfers,create,parties,view,false,403,true,""
stock_transfers,create,parties,create,false,403,true,""
stock_transfers,create,parties,edit,false,403,true,""
stock_transfers,create,parties,delete,false,403,true,""
stock_transfers,create,expenses,view,false,403,true,""
stock_transfers,create,expenses,create,false,403,true,""
stock_transfers,create,expenses,edit,false,403,true,""
stock_transfers,create,expenses,delete,false,403,true,""
stock_transfers,create,locations,view,false,403,true,""
stock_transfers,create,locations,create,false,403,true,""
stock_transfers,create,locations,edit,false,403,true,""
stock_transfers,create,locations,delete,false,403,true,""
stock_transfers,create,reports,view,false,403,true,""
stock_transfers,create,settings,view,false,403,true,""
stock_transfers,create,vendor_orders,view,false,403,true,"internal roles; only checked on vendor portal"
stock_transfers,create,customer_orders,view,false,403,true,"internal roles; only checked on customer portal"
stock_transfers,create,returns,view,false,403,true,""
stock_transfers,create,returns,create,false,403,true,""
stock_transfers,create,returns,approve,false,403,true,""
stock_transfers,create,users,view,false,403,true,""
stock_transfers,create,users,create,false,403,true,""
stock_transfers,create,users,edit,false,403,true,""
stock_transfers,create,users,delete,false,403,true,""
stock_transfers,create,billing,view,false,403,true,""
stock_transfers,create,billing,create,false,403,true,""
stock_transfers,create,billing,edit,false,403,true,""
stock_transfers,create,stock_transfers,view,false,200,false,"no permission check on GET at all"
stock_transfers,create,stock_transfers,create,true,403,false,"checked against inventory:create, not stock_transfers"